SQL> 
SQL> REM TRANSLATE : IT REPLACES/REMOVES CHARACTER BY CHARACTER
SQL> 
SQL> SELECT HIRE_DATE , TRANSLATE ( HIRE_DATE , 'ABC' , 'a' ) FROM EMPLOYEES
  2  
SQL> SELECT HIRE_DATE , TRANSLATE ( HIRE_DATE , 'ABC' , 'a' ) FROM EMPLOYEES;

HIRE_DATE               TRANSLATE(HIRE_DATE,'ABC','A')                                                                                                                                                  
----------------------- --------------------------------------------------------------------------------------------------------------------------------                                                
17-JUL-1987 12:00.00 AM 17-JUL-1987 12:00.00 aM                                                                                                                                                         
21-SEP-1989 12:00.00 AM 21-SEP-1989 12:00.00 aM                                                                                                                                                         
13-JAN-1993 12:00.00 AM 13-JaN-1993 12:00.00 aM                                                                                                                                                         
03-JAN-1990 12:00.00 AM 03-JaN-1990 12:00.00 aM                                                                                                                                                         
21-MAY-1991 12:00.00 AM 21-MaY-1991 12:00.00 aM                                                                                                                                                         
07-FEB-1999 12:00.00 AM 07-FE-1999 12:00.00 aM                                                                                                                                                          
16-NOV-1999 12:00.00 AM 16-NOV-1999 12:00.00 aM                                                                                                                                                         
17-OCT-1995 12:00.00 AM 17-OT-1995 12:00.00 aM                                                                                                                                                          
29-JAN-1997 12:00.00 AM 29-JaN-1997 12:00.00 aM                                                                                                                                                         
15-MAR-1998 12:00.00 AM 15-MaR-1998 12:00.00 aM                                                                                                                                                         
09-JUL-1998 12:00.00 AM 09-JUL-1998 12:00.00 aM                                                                                                                                                         
29-JAN-2000 12:00.00 AM 29-JaN-2000 12:00.00 aM                                                                                                                                                         
11-MAY-1996 12:00.00 AM 11-MaY-1996 12:00.00 aM                                                                                                                                                         
24-MAR-1998 12:00.00 AM 24-MaR-1998 12:00.00 aM                                                                                                                                                         
24-MAY-1999 12:00.00 AM 24-MaY-1999 12:00.00 aM                                                                                                                                                         
17-SEP-1987 12:00.00 AM 17-SEP-1987 12:00.00 aM                                                                                                                                                         
17-FEB-1996 12:00.00 AM 17-FE-1996 12:00.00 aM                                                                                                                                                          
17-AUG-1997 12:00.00 AM 17-aUG-1997 12:00.00 aM                                                                                                                                                         
07-JUN-1994 12:00.00 AM 07-JUN-1994 12:00.00 aM                                                                                                                                                         
07-JUN-1994 12:00.00 AM 07-JUN-1994 12:00.00 aM                                                                                                                                                         

20 rows selected.

SQL> CONN SCOTT/TIGER
Connected.
SQL> 
SQL> SELECT HIRE_DATE , TRANSLATE ( HIRE_DATE , 'ABC' , 'a' ) FROM EMPLOYEES;

HIRE_DATE TRANSLATE(HIRE_DATE,'ABC','A')                                                                                                                                                                
--------- ------------------------------------------------------------------------                                                                                                                      
17-JUL-87 17-JUL-87                                                                                                                                                                                     
21-SEP-89 21-SEP-89                                                                                                                                                                                     
13-JAN-93 13-JaN-93                                                                                                                                                                                     
03-JAN-90 03-JaN-90                                                                                                                                                                                     
21-MAY-91 21-MaY-91                                                                                                                                                                                     
07-FEB-99 07-FE-99                                                                                                                                                                                      
16-NOV-99 16-NOV-99                                                                                                                                                                                     
17-OCT-95 17-OT-95                                                                                                                                                                                      
29-JAN-97 29-JaN-97                                                                                                                                                                                     
15-MAR-98 15-MaR-98                                                                                                                                                                                     
09-JUL-98 09-JUL-98                                                                                                                                                                                     
29-JAN-00 29-JaN-00                                                                                                                                                                                     
11-MAY-96 11-MaY-96                                                                                                                                                                                     
24-MAR-98 24-MaR-98                                                                                                                                                                                     
24-MAY-99 24-MaY-99                                                                                                                                                                                     
17-SEP-87 17-SEP-87                                                                                                                                                                                     
17-FEB-96 17-FE-96                                                                                                                                                                                      
17-AUG-97 17-aUG-97                                                                                                                                                                                     
07-JUN-94 07-JUN-94                                                                                                                                                                                     
07-JUN-94 07-JUN-94                                                                                                                                                                                     

20 rows selected.

SQL> REM REPLACE : IT REPLACES/REMOVES WORD BY WORD
SQL> 
SQL> 
SQL> SELECT HIRE_DATE , TRANSLATE ( HIRE_DATE , 'JAN' , 'jan' ) FROM EMPLOYEES;

HIRE_DATE TRANSLATE(HIRE_DATE,'JAN','JAN')                                                                                                                                                              
--------- ------------------------------------------------------------------------                                                                                                                      
17-JUL-87 17-jUL-87                                                                                                                                                                                     
21-SEP-89 21-SEP-89                                                                                                                                                                                     
13-JAN-93 13-jan-93                                                                                                                                                                                     
03-JAN-90 03-jan-90                                                                                                                                                                                     
21-MAY-91 21-MaY-91                                                                                                                                                                                     
07-FEB-99 07-FEB-99                                                                                                                                                                                     
16-NOV-99 16-nOV-99                                                                                                                                                                                     
17-OCT-95 17-OCT-95                                                                                                                                                                                     
29-JAN-97 29-jan-97                                                                                                                                                                                     
15-MAR-98 15-MaR-98                                                                                                                                                                                     
09-JUL-98 09-jUL-98                                                                                                                                                                                     
29-JAN-00 29-jan-00                                                                                                                                                                                     
11-MAY-96 11-MaY-96                                                                                                                                                                                     
24-MAR-98 24-MaR-98                                                                                                                                                                                     
24-MAY-99 24-MaY-99                                                                                                                                                                                     
17-SEP-87 17-SEP-87                                                                                                                                                                                     
17-FEB-96 17-FEB-96                                                                                                                                                                                     
17-AUG-97 17-aUG-97                                                                                                                                                                                     
07-JUN-94 07-jUn-94                                                                                                                                                                                     
07-JUN-94 07-jUn-94                                                                                                                                                                                     

20 rows selected.

SQL> SELECT HIRE_DATE , REPLACE ( HIRE_DATE , 'JAN' , 'jan' ) FROM EMPLOYEES;

HIRE_DATE REPLACE(HIRE_DATE,'JAN','JAN')                                                                                                                                                                
--------- ------------------------------------------------------                                                                                                                                        
17-JUL-87 17-JUL-87                                                                                                                                                                                     
21-SEP-89 21-SEP-89                                                                                                                                                                                     
13-JAN-93 13-jan-93                                                                                                                                                                                     
03-JAN-90 03-jan-90                                                                                                                                                                                     
21-MAY-91 21-MAY-91                                                                                                                                                                                     
07-FEB-99 07-FEB-99                                                                                                                                                                                     
16-NOV-99 16-NOV-99                                                                                                                                                                                     
17-OCT-95 17-OCT-95                                                                                                                                                                                     
29-JAN-97 29-jan-97                                                                                                                                                                                     
15-MAR-98 15-MAR-98                                                                                                                                                                                     
09-JUL-98 09-JUL-98                                                                                                                                                                                     
29-JAN-00 29-jan-00                                                                                                                                                                                     
11-MAY-96 11-MAY-96                                                                                                                                                                                     
24-MAR-98 24-MAR-98                                                                                                                                                                                     
24-MAY-99 24-MAY-99                                                                                                                                                                                     
17-SEP-87 17-SEP-87                                                                                                                                                                                     
17-FEB-96 17-FEB-96                                                                                                                                                                                     
17-AUG-97 17-AUG-97                                                                                                                                                                                     
07-JUN-94 07-JUN-94                                                                                                                                                                                     
07-JUN-94 07-JUN-94                                                                                                                                                                                     

20 rows selected.

SQL> SELECT HIRE_DATE , REPLACE ( HIRE_DATE , 'JAN' ) FROM EMPLOYEES;

HIRE_DATE REPLACE(HIRE_DATE,                                                                                                                                                                            
--------- ------------------                                                                                                                                                                            
17-JUL-87 17-JUL-87                                                                                                                                                                                     
21-SEP-89 21-SEP-89                                                                                                                                                                                     
13-JAN-93 13--93                                                                                                                                                                                        
03-JAN-90 03--90                                                                                                                                                                                        
21-MAY-91 21-MAY-91                                                                                                                                                                                     
07-FEB-99 07-FEB-99                                                                                                                                                                                     
16-NOV-99 16-NOV-99                                                                                                                                                                                     
17-OCT-95 17-OCT-95                                                                                                                                                                                     
29-JAN-97 29--97                                                                                                                                                                                        
15-MAR-98 15-MAR-98                                                                                                                                                                                     
09-JUL-98 09-JUL-98                                                                                                                                                                                     
29-JAN-00 29--00                                                                                                                                                                                        
11-MAY-96 11-MAY-96                                                                                                                                                                                     
24-MAR-98 24-MAR-98                                                                                                                                                                                     
24-MAY-99 24-MAY-99                                                                                                                                                                                     
17-SEP-87 17-SEP-87                                                                                                                                                                                     
17-FEB-96 17-FEB-96                                                                                                                                                                                     
17-AUG-97 17-AUG-97                                                                                                                                                                                     
07-JUN-94 07-JUN-94                                                                                                                                                                                     
07-JUN-94 07-JUN-94                                                                                                                                                                                     

20 rows selected.

SQL> SELECT HIRE_DATE , REPLACE ( HIRE_DATE , 'JAN' , 'january') FROM EMPLOYEES;

HIRE_DATE REPLACE(HIRE_DATE,'JAN','JANUARY')                                                                                                                                                            
--------- ------------------------------------------------------------------------------------------------------------------------------                                                                
17-JUL-87 17-JUL-87                                                                                                                                                                                     
21-SEP-89 21-SEP-89                                                                                                                                                                                     
13-JAN-93 13-january-93                                                                                                                                                                                 
03-JAN-90 03-january-90                                                                                                                                                                                 
21-MAY-91 21-MAY-91                                                                                                                                                                                     
07-FEB-99 07-FEB-99                                                                                                                                                                                     
16-NOV-99 16-NOV-99                                                                                                                                                                                     
17-OCT-95 17-OCT-95                                                                                                                                                                                     
29-JAN-97 29-january-97                                                                                                                                                                                 
15-MAR-98 15-MAR-98                                                                                                                                                                                     
09-JUL-98 09-JUL-98                                                                                                                                                                                     
29-JAN-00 29-january-00                                                                                                                                                                                 
11-MAY-96 11-MAY-96                                                                                                                                                                                     
24-MAR-98 24-MAR-98                                                                                                                                                                                     
24-MAY-99 24-MAY-99                                                                                                                                                                                     
17-SEP-87 17-SEP-87                                                                                                                                                                                     
17-FEB-96 17-FEB-96                                                                                                                                                                                     
17-AUG-97 17-AUG-97                                                                                                                                                                                     
07-JUN-94 07-JUN-94                                                                                                                                                                                     
07-JUN-94 07-JUN-94                                                                                                                                                                                     

20 rows selected.

SQL> SELECT HIRE_DATE , REPLACE ( HIRE_DATE , 'JAN' , 1) FROM EMPLOYEES;

HIRE_DATE REPLACE(HIRE_DATE,                                                                                                                                                                            
--------- ------------------                                                                                                                                                                            
17-JUL-87 17-JUL-87                                                                                                                                                                                     
21-SEP-89 21-SEP-89                                                                                                                                                                                     
13-JAN-93 13-1-93                                                                                                                                                                                       
03-JAN-90 03-1-90                                                                                                                                                                                       
21-MAY-91 21-MAY-91                                                                                                                                                                                     
07-FEB-99 07-FEB-99                                                                                                                                                                                     
16-NOV-99 16-NOV-99                                                                                                                                                                                     
17-OCT-95 17-OCT-95                                                                                                                                                                                     
29-JAN-97 29-1-97                                                                                                                                                                                       
15-MAR-98 15-MAR-98                                                                                                                                                                                     
09-JUL-98 09-JUL-98                                                                                                                                                                                     
29-JAN-00 29-1-00                                                                                                                                                                                       
11-MAY-96 11-MAY-96                                                                                                                                                                                     
24-MAR-98 24-MAR-98                                                                                                                                                                                     
24-MAY-99 24-MAY-99                                                                                                                                                                                     
17-SEP-87 17-SEP-87                                                                                                                                                                                     
17-FEB-96 17-FEB-96                                                                                                                                                                                     
17-AUG-97 17-AUG-97                                                                                                                                                                                     
07-JUN-94 07-JUN-94                                                                                                                                                                                     
07-JUN-94 07-JUN-94                                                                                                                                                                                     

20 rows selected.

SQL> SELECT HIRE_DATE FROM EMPLOYEES;

HIRE_DATE                                                                                                                                                                                               
---------                                                                                                                                                                                               
17-JUL-87                                                                                                                                                                                               
21-SEP-89                                                                                                                                                                                               
13-JAN-93                                                                                                                                                                                               
03-JAN-90                                                                                                                                                                                               
21-MAY-91                                                                                                                                                                                               
07-FEB-99                                                                                                                                                                                               
16-NOV-99                                                                                                                                                                                               
17-OCT-95                                                                                                                                                                                               
29-JAN-97                                                                                                                                                                                               
15-MAR-98                                                                                                                                                                                               
09-JUL-98                                                                                                                                                                                               
29-JAN-00                                                                                                                                                                                               
11-MAY-96                                                                                                                                                                                               
24-MAR-98                                                                                                                                                                                               
24-MAY-99                                                                                                                                                                                               
17-SEP-87                                                                                                                                                                                               
17-FEB-96                                                                                                                                                                                               
17-AUG-97                                                                                                                                                                                               
07-JUN-94                                                                                                                                                                                               
07-JUN-94                                                                                                                                                                                               

20 rows selected.

SQL> REM JAN -> january , FEB : 2 , REMAINING MONTHS AS IT IS.
SQL> 
SQL> SELECT HIRE_DATE ,REPLACE(REPLACE(HIRE_DATE,'JAN','jan'),'FEB','2')FROM EMPLOYEES;

HIRE_DATE REPLACE(REPLACE(HIRE_DATE,'JAN','JAN'),'FEB','2')                                                                                                                                             
--------- ------------------------------------------------------                                                                                                                                        
17-JUL-87 17-JUL-87                                                                                                                                                                                     
21-SEP-89 21-SEP-89                                                                                                                                                                                     
13-JAN-93 13-jan-93                                                                                                                                                                                     
03-JAN-90 03-jan-90                                                                                                                                                                                     
21-MAY-91 21-MAY-91                                                                                                                                                                                     
07-FEB-99 07-2-99                                                                                                                                                                                       
16-NOV-99 16-NOV-99                                                                                                                                                                                     
17-OCT-95 17-OCT-95                                                                                                                                                                                     
29-JAN-97 29-jan-97                                                                                                                                                                                     
15-MAR-98 15-MAR-98                                                                                                                                                                                     
09-JUL-98 09-JUL-98                                                                                                                                                                                     
29-JAN-00 29-jan-00                                                                                                                                                                                     
11-MAY-96 11-MAY-96                                                                                                                                                                                     
24-MAR-98 24-MAR-98                                                                                                                                                                                     
24-MAY-99 24-MAY-99                                                                                                                                                                                     
17-SEP-87 17-SEP-87                                                                                                                                                                                     
17-FEB-96 17-2-96                                                                                                                                                                                       
17-AUG-97 17-AUG-97                                                                                                                                                                                     
07-JUN-94 07-JUN-94                                                                                                                                                                                     
07-JUN-94 07-JUN-94                                                                                                                                                                                     

20 rows selected.

SQL> SELECT HIRE_DATE ,REPLACE(REPLACE(HIRE_DATE,'JAN','january'),'FEB','2')FROM EMPLOYEES;

HIRE_DATE REPLACE(REPLACE(HIRE_DATE,'JAN','JANUARY'),'FEB','2')                                                                                                                                         
--------- ------------------------------------------------------------------------------------------------------------------------------                                                                
17-JUL-87 17-JUL-87                                                                                                                                                                                     
21-SEP-89 21-SEP-89                                                                                                                                                                                     
13-JAN-93 13-january-93                                                                                                                                                                                 
03-JAN-90 03-january-90                                                                                                                                                                                 
21-MAY-91 21-MAY-91                                                                                                                                                                                     
07-FEB-99 07-2-99                                                                                                                                                                                       
16-NOV-99 16-NOV-99                                                                                                                                                                                     
17-OCT-95 17-OCT-95                                                                                                                                                                                     
29-JAN-97 29-january-97                                                                                                                                                                                 
15-MAR-98 15-MAR-98                                                                                                                                                                                     
09-JUL-98 09-JUL-98                                                                                                                                                                                     
29-JAN-00 29-january-00                                                                                                                                                                                 
11-MAY-96 11-MAY-96                                                                                                                                                                                     
24-MAR-98 24-MAR-98                                                                                                                                                                                     
24-MAY-99 24-MAY-99                                                                                                                                                                                     
17-SEP-87 17-SEP-87                                                                                                                                                                                     
17-FEB-96 17-2-96                                                                                                                                                                                       
17-AUG-97 17-AUG-97                                                                                                                                                                                     
07-JUN-94 07-JUN-94                                                                                                                                                                                     
07-JUN-94 07-JUN-94                                                                                                                                                                                     

20 rows selected.

SQL> SELECT * FROM EMPLOYEES;

EMPLOYEE_ID FIRST_NAME      LAST_NAME       EMAIL      PHONE_NUMBER         HIRE_DATE JOB_ID         SALARY COMMISSION_PCT MANAGER_ID DEPARTMENT_ID                                                     
----------- --------------- --------------- ---------- -------------------- --------- ---------- ---------- -------------- ---------- -------------                                                     
        100 Steven          King            SKING      515.123.4567         17-JUL-87 AD_PRES         24000                                      90                                                     
        101 Neena           Kochhar         NKOCHHAR   515.123.4568         21-SEP-89 AD_VP           17000                       100            90                                                     
        102 Lex             De Haan         LDEHAAN    515.123.4569         13-JAN-93 AD_VP           17000                       100            90                                                     
        103 Alexander       Hunold          AHUNOLD    590.423.4567         03-JAN-90 IT_PROG          9000                       102            60                                                     
        104 Bruce           Ernst           BERNST     590.423.4568         21-MAY-91 IT_PROG          6000                       103            60                                                     
        107 Diana           Lorentz         DLORENTZ   590.423.5567         07-FEB-99 IT_PROG          4200                       103            60                                                     
        124 Kevin           Mourgos         KMOURGOS   650.123.5234         16-NOV-99 ST_MAN           5800                       100            50                                                     
        141 Trenna          Rajs            TRAJS      650.121.8009         17-OCT-95 ST_CLERK         3500                       124            50                                                     
        142 Curtis          Davies          CDAVIES    650.121.2994         29-JAN-97 ST_CLERK         3100                       124            50                                                     
        143 Randall         Matos           RMATOS     650.121.2874         15-MAR-98 ST_CLERK         2600                       124            50                                                     
        144 Peter           Vargas                     650.121.2004         09-JUL-98 ST_CLERK         2500                       124            50                                                     
        149 Eleni           Zlotkey         EZLOTKEY   011.44.1344.429018   29-JAN-00 SA_MAN          10500             .2        100            80                                                     
        174 Ellen           Abel            EABEL      011.44.1644.429267   11-MAY-96 SA_REP          11000             .3        149            80                                                     
        176 Jonathon        Taylor          JTAYLOR    011.44.1644.429265   24-MAR-98 SA_REP           8600             .3        149            80                                                     
        178 Kimerely        Grant           KGRANT     011.44.1644.429263   24-MAY-99 SA_REP           7000            .15        149                                                                   
        200 Jennifer        Whalen          JWHALEN    515.123.4444         17-SEP-87 AD_ASST          4400                       101            10                                                     
        201 Michael         Hartstein       MHARTSTE   515.123.5555         17-FEB-96 MK_MAN          13000                       100            20                                                     
        202 Pat             Fay             PFAY       603.123.6666         17-AUG-97 MK_REP           6000                       201            20                                                     
        205 Shelley         Higgins         SHIGGINS   515.123.8080         07-JUN-94 AC_MGR          12000                       101           110                                                     
        206 William         Gietz           WGIETZ     515.123.8181         07-JUN-94 AC_ACCOUNT       8300                       205           110                                                     

20 rows selected.

SQL> SELECT REPLACE(TRANSLATE('JITEN','J','H'),'n','ndra') FROM DUAL;

REPLA                                                                                                                                                                                                   
-----                                                                                                                                                                                                   
HITEN                                                                                                                                                                                                   

SQL> REM SUBSTR : IT IS USED SEPARATE SOME CHARACTERS FROM LEFT , RIGHT OR MIDDLE.
SQL> 
SQL> SELECT HIRE_DATE , SUBSTR(HIRE_DATE,1,2) FROM EMPLOYEES;

HIRE_DATE SUBSTR(H                                                                                                                                                                                      
--------- --------                                                                                                                                                                                      
17-JUL-87 17                                                                                                                                                                                            
21-SEP-89 21                                                                                                                                                                                            
13-JAN-93 13                                                                                                                                                                                            
03-JAN-90 03                                                                                                                                                                                            
21-MAY-91 21                                                                                                                                                                                            
07-FEB-99 07                                                                                                                                                                                            
16-NOV-99 16                                                                                                                                                                                            
17-OCT-95 17                                                                                                                                                                                            
29-JAN-97 29                                                                                                                                                                                            
15-MAR-98 15                                                                                                                                                                                            
09-JUL-98 09                                                                                                                                                                                            
29-JAN-00 29                                                                                                                                                                                            
11-MAY-96 11                                                                                                                                                                                            
24-MAR-98 24                                                                                                                                                                                            
24-MAY-99 24                                                                                                                                                                                            
17-SEP-87 17                                                                                                                                                                                            
17-FEB-96 17                                                                                                                                                                                            
17-AUG-97 17                                                                                                                                                                                            
07-JUN-94 07                                                                                                                                                                                            
07-JUN-94 07                                                                                                                                                                                            

20 rows selected.

SQL> SELECT HIRE_DATE , SUBSTR(HIRE_DATE,4,3) FROM EMPLOYEES;

HIRE_DATE SUBSTR(HIRE_                                                                                                                                                                                  
--------- ------------                                                                                                                                                                                  
17-JUL-87 JUL                                                                                                                                                                                           
21-SEP-89 SEP                                                                                                                                                                                           
13-JAN-93 JAN                                                                                                                                                                                           
03-JAN-90 JAN                                                                                                                                                                                           
21-MAY-91 MAY                                                                                                                                                                                           
07-FEB-99 FEB                                                                                                                                                                                           
16-NOV-99 NOV                                                                                                                                                                                           
17-OCT-95 OCT                                                                                                                                                                                           
29-JAN-97 JAN                                                                                                                                                                                           
15-MAR-98 MAR                                                                                                                                                                                           
09-JUL-98 JUL                                                                                                                                                                                           
29-JAN-00 JAN                                                                                                                                                                                           
11-MAY-96 MAY                                                                                                                                                                                           
24-MAR-98 MAR                                                                                                                                                                                           
24-MAY-99 MAY                                                                                                                                                                                           
17-SEP-87 SEP                                                                                                                                                                                           
17-FEB-96 FEB                                                                                                                                                                                           
17-AUG-97 AUG                                                                                                                                                                                           
07-JUN-94 JUN                                                                                                                                                                                           
07-JUN-94 JUN                                                                                                                                                                                           

20 rows selected.

SQL> SELECT HIRE_DATE , SUBSTR(HIRE_DATE,-2) FROM EMPLOYEES;

HIRE_DATE SUBSTR(H                                                                                                                                                                                      
--------- --------                                                                                                                                                                                      
17-JUL-87 87                                                                                                                                                                                            
21-SEP-89 89                                                                                                                                                                                            
13-JAN-93 93                                                                                                                                                                                            
03-JAN-90 90                                                                                                                                                                                            
21-MAY-91 91                                                                                                                                                                                            
07-FEB-99 99                                                                                                                                                                                            
16-NOV-99 99                                                                                                                                                                                            
17-OCT-95 95                                                                                                                                                                                            
29-JAN-97 97                                                                                                                                                                                            
15-MAR-98 98                                                                                                                                                                                            
09-JUL-98 98                                                                                                                                                                                            
29-JAN-00 00                                                                                                                                                                                            
11-MAY-96 96                                                                                                                                                                                            
24-MAR-98 98                                                                                                                                                                                            
24-MAY-99 99                                                                                                                                                                                            
17-SEP-87 87                                                                                                                                                                                            
17-FEB-96 96                                                                                                                                                                                            
17-AUG-97 97                                                                                                                                                                                            
07-JUN-94 94                                                                                                                                                                                            
07-JUN-94 94                                                                                                                                                                                            

20 rows selected.

SQL> SELECT SUBSTR('LaxmanShivRamKrishnan',1,6) FROM DUAL;

SUBSTR                                                                                                                                                                                                  
------                                                                                                                                                                                                  
Laxman                                                                                                                                                                                                  

SQL> SELECT SUBSTR('LaxmanShivRamKrishnan',7,4) FROM DUAL;

SUBS                                                                                                                                                                                                    
----                                                                                                                                                                                                    
Shiv                                                                                                                                                                                                    

SQL> SELECT SUBSTR('LaxmanShivRamKrishnan',7,7) FROM DUAL;

SUBSTR(                                                                                                                                                                                                 
-------                                                                                                                                                                                                 
ShivRam                                                                                                                                                                                                 

SQL> SELECT SUBSTR('LaxmanShivRamKrishnan',-8) FROM DUAL;

SUBSTR('                                                                                                                                                                                                
--------                                                                                                                                                                                                
Krishnan                                                                                                                                                                                                

SQL> SELECT SUBSTR('LaxmanShivRamKrishnan',-8 ,  5) FROM DUAL;

SUBST                                                                                                                                                                                                   
-----                                                                                                                                                                                                   
Krish                                                                                                                                                                                                   

SQL> SELECT SUBSTR('LaxmanShivRamKrishnan',-8 , - 5) FROM DUAL;

S                                                                                                                                                                                                       
-                                                                                                                                                                                                       
                                                                                                                                                                                                        

SQL> SELECT SUBSTR('LaxmanShivRamKrishnan',-8 , 0) FROM DUAL;

S                                                                                                                                                                                                       
-                                                                                                                                                                                                       
                                                                                                                                                                                                        

SQL> REM LaxmanShivRamKrishnan
SQL> 
SQL> REM RamKrish
SQL> 
SQL> REM 1 USING POSITIVE STARTING POSITION 2 USING NEGATIVE STARTING POSITION
SQL> 
SQL> SELECT SUBSTR('LaxmanShivRamKrishnan',11,8) FROM DUAL;

SUBSTR('                                                                                                                                                                                                
--------                                                                                                                                                                                                
RamKrish                                                                                                                                                                                                

SQL> SELECT SUBSTR('LaxmanShivRamKrishnan',-11,8) FROM DUAL;

SUBSTR('                                                                                                                                                                                                
--------                                                                                                                                                                                                
RamKrish                                                                                                                                                                                                

SQL> SELECT SUBSTR('LaxmanShivRamKrishnan',-11,8) FROM EMPLOYEES;

SUBSTR('                                                                                                                                                                                                
--------                                                                                                                                                                                                
RamKrish                                                                                                                                                                                                
RamKrish                                                                                                                                                                                                
RamKrish                                                                                                                                                                                                
RamKrish                                                                                                                                                                                                
RamKrish                                                                                                                                                                                                
RamKrish                                                                                                                                                                                                
RamKrish                                                                                                                                                                                                
RamKrish                                                                                                                                                                                                
RamKrish                                                                                                                                                                                                
RamKrish                                                                                                                                                                                                
RamKrish                                                                                                                                                                                                
RamKrish                                                                                                                                                                                                
RamKrish                                                                                                                                                                                                
RamKrish                                                                                                                                                                                                
RamKrish                                                                                                                                                                                                
RamKrish                                                                                                                                                                                                
RamKrish                                                                                                                                                                                                
RamKrish                                                                                                                                                                                                
RamKrish                                                                                                                                                                                                
RamKrish                                                                                                                                                                                                

20 rows selected.

SQL> SELECT FIRST_NAME || ' works as ' || JOB_ID || '.' FROM EMPLOYEES;

FIRST_NAME||'WORKSAS'||JOB_ID||'.'                                                                                                                                                                      
------------------------------------                                                                                                                                                                    
Steven works as AD_PRES.                                                                                                                                                                                
Neena works as AD_VP.                                                                                                                                                                                   
Lex works as AD_VP.                                                                                                                                                                                     
Alexander works as IT_PROG.                                                                                                                                                                             
Bruce works as IT_PROG.                                                                                                                                                                                 
Diana works as IT_PROG.                                                                                                                                                                                 
Kevin works as ST_MAN.                                                                                                                                                                                  
Trenna works as ST_CLERK.                                                                                                                                                                               
Curtis works as ST_CLERK.                                                                                                                                                                               
Randall works as ST_CLERK.                                                                                                                                                                              
Peter works as ST_CLERK.                                                                                                                                                                                
Eleni works as SA_MAN.                                                                                                                                                                                  
Ellen works as SA_REP.                                                                                                                                                                                  
Jonathon works as SA_REP.                                                                                                                                                                               
Kimerely works as SA_REP.                                                                                                                                                                               
Jennifer works as AD_ASST.                                                                                                                                                                              
Michael works as MK_MAN.                                                                                                                                                                                
Pat works as MK_REP.                                                                                                                                                                                    
Shelley works as AC_MGR.                                                                                                                                                                                
William works as AC_ACCOUNT.                                                                                                                                                                            

20 rows selected.

SQL> 
SQL> SELECT UNIQUE SUBSTR('LaxmanShivRamKrishnan',-11,8) FROM DUAL;

SUBSTR('                                                                                                                                                                                                
--------                                                                                                                                                                                                
RamKrish                                                                                                                                                                                                

SQL> SELECT DISTINCT SUBSTR('LaxmanShivRamKrishnan',-11,8) FROM DUAL;

SUBSTR('                                                                                                                                                                                                
--------                                                                                                                                                                                                
RamKrish                                                                                                                                                                                                

SQL> SELECT UNIQUE SUBSTR('LaxmanShivRamKrishnan',-11,8) FROM EMPLOYEES;

SUBSTR('                                                                                                                                                                                                
--------                                                                                                                                                                                                
RamKrish                                                                                                                                                                                                

SQL> SELECT DISTINCT SUBSTR('LaxmanShivRamKrishnan',-11,8) FROM EMPLOYEES;

SUBSTR('                                                                                                                                                                                                
--------                                                                                                                                                                                                
RamKrish                                                                                                                                                                                                

SQL> SELECT SUBSTR('LaxmanShivRamKrishnan',-11,8) FROM EMPLOYEES WHERE FIRST_NAME = 'Steven';

SUBSTR('                                                                                                                                                                                                
--------                                                                                                                                                                                                
RamKrish                                                                                                                                                                                                

SQL> SELECT SUBSTR('LaxmanShivRamKrishnan',-11,8) FROM EMPLOYEES FETCH FIRST ROW ONLY;

SUBSTR('                                                                                                                                                                                                
--------                                                                                                                                                                                                
RamKrish                                                                                                                                                                                                

SQL> SELECT HIRE_DATE FROM EMPLOYEES;

HIRE_DATE                                                                                                                                                                                               
---------                                                                                                                                                                                               
17-JUL-87                                                                                                                                                                                               
21-SEP-89                                                                                                                                                                                               
13-JAN-93                                                                                                                                                                                               
03-JAN-90                                                                                                                                                                                               
21-MAY-91                                                                                                                                                                                               
07-FEB-99                                                                                                                                                                                               
16-NOV-99                                                                                                                                                                                               
17-OCT-95                                                                                                                                                                                               
29-JAN-97                                                                                                                                                                                               
15-MAR-98                                                                                                                                                                                               
09-JUL-98                                                                                                                                                                                               
29-JAN-00                                                                                                                                                                                               
11-MAY-96                                                                                                                                                                                               
24-MAR-98                                                                                                                                                                                               
24-MAY-99                                                                                                                                                                                               
17-SEP-87                                                                                                                                                                                               
17-FEB-96                                                                                                                                                                                               
17-AUG-97                                                                                                                                                                                               
07-JUN-94                                                                                                                                                                                               
07-JUN-94                                                                                                                                                                                               

20 rows selected.

SQL> REM 1 1787
SQL> 
SQL> REM 2 JUL
SQL> 
SQL> REM 3 8717
SQL> 
SQL> REM 4 87/Jul/17
SQL> 
SQL> REM 5 87(jUl)17
SQL> 
SQL> 
SQL> 
SQL> REM 1 1787
SQL> 
SQL> SELECT HIRE_dATE , SUBSTR(HIRE_dATE,1,2)||SUBSTR(HIRE_dATE,-2) FROM EMPLOYEES;

HIRE_DATE SUBSTR(HIRE_DATE                                                                                                                                                                              
--------- ----------------                                                                                                                                                                              
17-JUL-87 1787                                                                                                                                                                                          
21-SEP-89 2189                                                                                                                                                                                          
13-JAN-93 1393                                                                                                                                                                                          
03-JAN-90 0390                                                                                                                                                                                          
21-MAY-91 2191                                                                                                                                                                                          
07-FEB-99 0799                                                                                                                                                                                          
16-NOV-99 1699                                                                                                                                                                                          
17-OCT-95 1795                                                                                                                                                                                          
29-JAN-97 2997                                                                                                                                                                                          
15-MAR-98 1598                                                                                                                                                                                          
09-JUL-98 0998                                                                                                                                                                                          
29-JAN-00 2900                                                                                                                                                                                          
11-MAY-96 1196                                                                                                                                                                                          
24-MAR-98 2498                                                                                                                                                                                          
24-MAY-99 2499                                                                                                                                                                                          
17-SEP-87 1787                                                                                                                                                                                          
17-FEB-96 1796                                                                                                                                                                                          
17-AUG-97 1797                                                                                                                                                                                          
07-JUN-94 0794                                                                                                                                                                                          
07-JUN-94 0794                                                                                                                                                                                          

20 rows selected.

SQL> REM 2 JUL
SQL> 
SQL> SELECT HIRE_DATE , SUBSTR(HIRE_dATE,-6,3) FROM EMPLOYEES;

HIRE_DATE SUBSTR(HIRE_                                                                                                                                                                                  
--------- ------------                                                                                                                                                                                  
17-JUL-87 JUL                                                                                                                                                                                           
21-SEP-89 SEP                                                                                                                                                                                           
13-JAN-93 JAN                                                                                                                                                                                           
03-JAN-90 JAN                                                                                                                                                                                           
21-MAY-91 MAY                                                                                                                                                                                           
07-FEB-99 FEB                                                                                                                                                                                           
16-NOV-99 NOV                                                                                                                                                                                           
17-OCT-95 OCT                                                                                                                                                                                           
29-JAN-97 JAN                                                                                                                                                                                           
15-MAR-98 MAR                                                                                                                                                                                           
09-JUL-98 JUL                                                                                                                                                                                           
29-JAN-00 JAN                                                                                                                                                                                           
11-MAY-96 MAY                                                                                                                                                                                           
24-MAR-98 MAR                                                                                                                                                                                           
24-MAY-99 MAY                                                                                                                                                                                           
17-SEP-87 SEP                                                                                                                                                                                           
17-FEB-96 FEB                                                                                                                                                                                           
17-AUG-97 AUG                                                                                                                                                                                           
07-JUN-94 JUN                                                                                                                                                                                           
07-JUN-94 JUN                                                                                                                                                                                           

20 rows selected.

SQL> REM 3 8717
SQL> 
SQL> SELECT HIRE_dATE , SUBSTR(HIRE_dATE,-2)||SUBSTR(HIRE_dATE,1,2) FROM EMPLOYEES;

HIRE_DATE SUBSTR(HIRE_DATE                                                                                                                                                                              
--------- ----------------                                                                                                                                                                              
17-JUL-87 8717                                                                                                                                                                                          
21-SEP-89 8921                                                                                                                                                                                          
13-JAN-93 9313                                                                                                                                                                                          
03-JAN-90 9003                                                                                                                                                                                          
21-MAY-91 9121                                                                                                                                                                                          
07-FEB-99 9907                                                                                                                                                                                          
16-NOV-99 9916                                                                                                                                                                                          
17-OCT-95 9517                                                                                                                                                                                          
29-JAN-97 9729                                                                                                                                                                                          
15-MAR-98 9815                                                                                                                                                                                          
09-JUL-98 9809                                                                                                                                                                                          
29-JAN-00 0029                                                                                                                                                                                          
11-MAY-96 9611                                                                                                                                                                                          
24-MAR-98 9824                                                                                                                                                                                          
24-MAY-99 9924                                                                                                                                                                                          
17-SEP-87 8717                                                                                                                                                                                          
17-FEB-96 9617                                                                                                                                                                                          
17-AUG-97 9717                                                                                                                                                                                          
07-JUN-94 9407                                                                                                                                                                                          
07-JUN-94 9407                                                                                                                                                                                          

20 rows selected.

SQL> REM 4 87/Jul/17
SQL> 
SQL> SELECT HIRE_DATE , SUBSTR(HIRE_DATE,-2)||'/'||INITCAP(SUBSTR(HIRE_DATE,4,3))||'/'||SUBSTR(HIRE_DATE,1,2) FROM EMPLOYEES;

HIRE_DATE SUBSTR(HIRE_DATE,-2)||'/'||INI                                                                                                                                                                
--------- ------------------------------                                                                                                                                                                
17-JUL-87 87/Jul/17                                                                                                                                                                                     
21-SEP-89 89/Sep/21                                                                                                                                                                                     
13-JAN-93 93/Jan/13                                                                                                                                                                                     
03-JAN-90 90/Jan/03                                                                                                                                                                                     
21-MAY-91 91/May/21                                                                                                                                                                                     
07-FEB-99 99/Feb/07                                                                                                                                                                                     
16-NOV-99 99/Nov/16                                                                                                                                                                                     
17-OCT-95 95/Oct/17                                                                                                                                                                                     
29-JAN-97 97/Jan/29                                                                                                                                                                                     
15-MAR-98 98/Mar/15                                                                                                                                                                                     
09-JUL-98 98/Jul/09                                                                                                                                                                                     
29-JAN-00 00/Jan/29                                                                                                                                                                                     
11-MAY-96 96/May/11                                                                                                                                                                                     
24-MAR-98 98/Mar/24                                                                                                                                                                                     
24-MAY-99 99/May/24                                                                                                                                                                                     
17-SEP-87 87/Sep/17                                                                                                                                                                                     
17-FEB-96 96/Feb/17                                                                                                                                                                                     
17-AUG-97 97/Aug/17                                                                                                                                                                                     
07-JUN-94 94/Jun/07                                                                                                                                                                                     
07-JUN-94 94/Jun/07                                                                                                                                                                                     

20 rows selected.

SQL> SELECT HIRE_DATE , SUBSTR(HIRE_DATE,-2)||'/'||INITCAP(SUBSTR(HIRE_DATE,4,3))||'/'||SUBSTR(HIRE_DATE,1,2) , SUBSTR(HIRE_DATE,-2)||'/'||SUBSTR(HIRE_DATE,4,1)||LOWER(SUBSTR(HIRE_DATE,5,2))||'/'||SUBSTR(HIRE_DATE,1,2) FROM EMPLOYEES;

HIRE_DATE SUBSTR(HIRE_DATE,-2)||'/'||INI SUBSTR(HIRE_DATE,-2)||'/'||SUB                                                                                                                                 
--------- ------------------------------ ------------------------------                                                                                                                                 
17-JUL-87 87/Jul/17                      87/Jul/17                                                                                                                                                      
21-SEP-89 89/Sep/21                      89/Sep/21                                                                                                                                                      
13-JAN-93 93/Jan/13                      93/Jan/13                                                                                                                                                      
03-JAN-90 90/Jan/03                      90/Jan/03                                                                                                                                                      
21-MAY-91 91/May/21                      91/May/21                                                                                                                                                      
07-FEB-99 99/Feb/07                      99/Feb/07                                                                                                                                                      
16-NOV-99 99/Nov/16                      99/Nov/16                                                                                                                                                      
17-OCT-95 95/Oct/17                      95/Oct/17                                                                                                                                                      
29-JAN-97 97/Jan/29                      97/Jan/29                                                                                                                                                      
15-MAR-98 98/Mar/15                      98/Mar/15                                                                                                                                                      
09-JUL-98 98/Jul/09                      98/Jul/09                                                                                                                                                      
29-JAN-00 00/Jan/29                      00/Jan/29                                                                                                                                                      
11-MAY-96 96/May/11                      96/May/11                                                                                                                                                      
24-MAR-98 98/Mar/24                      98/Mar/24                                                                                                                                                      
24-MAY-99 99/May/24                      99/May/24                                                                                                                                                      
17-SEP-87 87/Sep/17                      87/Sep/17                                                                                                                                                      
17-FEB-96 96/Feb/17                      96/Feb/17                                                                                                                                                      
17-AUG-97 97/Aug/17                      97/Aug/17                                                                                                                                                      
07-JUN-94 94/Jun/07                      94/Jun/07                                                                                                                                                      
07-JUN-94 94/Jun/07                      94/Jun/07                                                                                                                                                      

20 rows selected.

SQL> REM 5 87(jUl)17
SQL> 
SQL> SELECT HIRE_DATE , SUBSTR(HIRE_DATE,-2)||'('||TRANSLATE(LOWER(SUBSTR(HIRE_DATE,4,3)),'aeiou','AEIOU')||')'||SUBSTR(HIRE_DATE,1,2) FROM EMPLOYEES;

HIRE_DATE SUBSTR(HIRE_DATE,-2)||'('||TRA                                                                                                                                                                
--------- ------------------------------                                                                                                                                                                
17-JUL-87 87(jUl)17                                                                                                                                                                                     
21-SEP-89 89(sEp)21                                                                                                                                                                                     
13-JAN-93 93(jAn)13                                                                                                                                                                                     
03-JAN-90 90(jAn)03                                                                                                                                                                                     
21-MAY-91 91(mAy)21                                                                                                                                                                                     
07-FEB-99 99(fEb)07                                                                                                                                                                                     
16-NOV-99 99(nOv)16                                                                                                                                                                                     
17-OCT-95 95(Oct)17                                                                                                                                                                                     
29-JAN-97 97(jAn)29                                                                                                                                                                                     
15-MAR-98 98(mAr)15                                                                                                                                                                                     
09-JUL-98 98(jUl)09                                                                                                                                                                                     
29-JAN-00 00(jAn)29                                                                                                                                                                                     
11-MAY-96 96(mAy)11                                                                                                                                                                                     
24-MAR-98 98(mAr)24                                                                                                                                                                                     
24-MAY-99 99(mAy)24                                                                                                                                                                                     
17-SEP-87 87(sEp)17                                                                                                                                                                                     
17-FEB-96 96(fEb)17                                                                                                                                                                                     
17-AUG-97 97(AUg)17                                                                                                                                                                                     
07-JUN-94 94(jUn)07                                                                                                                                                                                     
07-JUN-94 94(jUn)07                                                                                                                                                                                     

20 rows selected.

SQL> SELECT * FROM EMPLOYEES;

EMPLOYEE_ID FIRST_NAME      LAST_NAME       EMAIL      PHONE_NUMBER         HIRE_DATE JOB_ID         SALARY COMMISSION_PCT MANAGER_ID DEPARTMENT_ID                                                     
----------- --------------- --------------- ---------- -------------------- --------- ---------- ---------- -------------- ---------- -------------                                                     
        100 Steven          King            SKING      515.123.4567         17-JUL-87 AD_PRES         24000                                      90                                                     
        101 Neena           Kochhar         NKOCHHAR   515.123.4568         21-SEP-89 AD_VP           17000                       100            90                                                     
        102 Lex             De Haan         LDEHAAN    515.123.4569         13-JAN-93 AD_VP           17000                       100            90                                                     
        103 Alexander       Hunold          AHUNOLD    590.423.4567         03-JAN-90 IT_PROG          9000                       102            60                                                     
        104 Bruce           Ernst           BERNST     590.423.4568         21-MAY-91 IT_PROG          6000                       103            60                                                     
        107 Diana           Lorentz         DLORENTZ   590.423.5567         07-FEB-99 IT_PROG          4200                       103            60                                                     
        124 Kevin           Mourgos         KMOURGOS   650.123.5234         16-NOV-99 ST_MAN           5800                       100            50                                                     
        141 Trenna          Rajs            TRAJS      650.121.8009         17-OCT-95 ST_CLERK         3500                       124            50                                                     
        142 Curtis          Davies          CDAVIES    650.121.2994         29-JAN-97 ST_CLERK         3100                       124            50                                                     
        143 Randall         Matos           RMATOS     650.121.2874         15-MAR-98 ST_CLERK         2600                       124            50                                                     
        144 Peter           Vargas                     650.121.2004         09-JUL-98 ST_CLERK         2500                       124            50                                                     
        149 Eleni           Zlotkey         EZLOTKEY   011.44.1344.429018   29-JAN-00 SA_MAN          10500             .2        100            80                                                     
        174 Ellen           Abel            EABEL      011.44.1644.429267   11-MAY-96 SA_REP          11000             .3        149            80                                                     
        176 Jonathon        Taylor          JTAYLOR    011.44.1644.429265   24-MAR-98 SA_REP           8600             .3        149            80                                                     
        178 Kimerely        Grant           KGRANT     011.44.1644.429263   24-MAY-99 SA_REP           7000            .15        149                                                                   
        200 Jennifer        Whalen          JWHALEN    515.123.4444         17-SEP-87 AD_ASST          4400                       101            10                                                     
        201 Michael         Hartstein       MHARTSTE   515.123.5555         17-FEB-96 MK_MAN          13000                       100            20                                                     
        202 Pat             Fay             PFAY       603.123.6666         17-AUG-97 MK_REP           6000                       201            20                                                     
        205 Shelley         Higgins         SHIGGINS   515.123.8080         07-JUN-94 AC_MGR          12000                       101           110                                                     
        206 William         Gietz           WGIETZ     515.123.8181         07-JUN-94 AC_ACCOUNT       8300                       205           110                                                     

20 rows selected.

SQL> REM EMAIL , NEW_EMAIL
SQL> 
SQL> SELECT EMAIL , SUBSTR(FIRST_NAME,1,1)||SUBSTR(UPPER(REPLACE(LAST_NAME,' ')),1,7) NEW_EMAIL FROM EMPLOYEES;

EMAIL      NEW_EMAIL                                                                                                                                                                                    
---------- --------------------------------                                                                                                                                                             
SKING      SKING                                                                                                                                                                                        
NKOCHHAR   NKOCHHAR                                                                                                                                                                                     
LDEHAAN    LDEHAAN                                                                                                                                                                                      
AHUNOLD    AHUNOLD                                                                                                                                                                                      
BERNST     BERNST                                                                                                                                                                                       
DLORENTZ   DLORENTZ                                                                                                                                                                                     
KMOURGOS   KMOURGOS                                                                                                                                                                                     
TRAJS      TRAJS                                                                                                                                                                                        
CDAVIES    CDAVIES                                                                                                                                                                                      
RMATOS     RMATOS                                                                                                                                                                                       
           PVARGAS                                                                                                                                                                                      
EZLOTKEY   EZLOTKEY                                                                                                                                                                                     
EABEL      EABEL                                                                                                                                                                                        
JTAYLOR    JTAYLOR                                                                                                                                                                                      
KGRANT     KGRANT                                                                                                                                                                                       
JWHALEN    JWHALEN                                                                                                                                                                                      
MHARTSTE   MHARTSTE                                                                                                                                                                                     
PFAY       PFAY                                                                                                                                                                                         
SHIGGINS   SHIGGINS                                                                                                                                                                                     
WGIETZ     WGIETZ                                                                                                                                                                                       

20 rows selected.

SQL> SPOOL OFF
