SQL> 
SQL> SET LINES 200 PAGES 24 SERVEROUT ON FORMAT WRA
SQL> 
SQL> SELECT * FROM EMPLOYEES;

EMPLOYEE_ID FIRST_NAME      LAST_NAME       EMAIL      PHONE_NUMBER         HIRE_DATE JOB_ID         SALARY COMMISSION_PCT MANAGER_ID DEPARTMENT_ID                                                     
----------- --------------- --------------- ---------- -------------------- --------- ---------- ---------- -------------- ---------- -------------                                                     
        100 Steven          King            SKING      515.123.4567         17-JUL-87 AD_PRES         24000                                      90                                                     
        101 Neena           Kochhar         NKOCHHAR   515.123.4568         21-SEP-89 AD_VP           17000                       100            90                                                     
        102 Lex             De Haan         LDEHAAN    515.123.4569         13-JAN-93 AD_VP           17000                       100            90                                                     
        103 Alexander       Hunold          AHUNOLD    590.423.4567         03-JAN-90 IT_PROG          9000                       102            60                                                     
        104 Bruce           Ernst           BERNST     590.423.4568         21-MAY-91 IT_PROG          6000                       103            60                                                     
        107 Diana           Lorentz         DLORENTZ   590.423.5567         07-FEB-99 IT_PROG          4200                       103            60                                                     
        124 Kevin           Mourgos         KMOURGOS   650.123.5234         16-NOV-99 ST_MAN           5800                       100            50                                                     
        141 Trenna          Rajs            TRAJS      650.121.8009         17-OCT-95 ST_CLERK         3500                       124            50                                                     
        142 Curtis          Davies          CDAVIES    650.121.2994         29-JAN-97 ST_CLERK         3100                       124            50                                                     
        143 Randall         Matos           RMATOS     650.121.2874         15-MAR-98 ST_CLERK         2600                       124            50                                                     
        144 Peter           Vargas                     650.121.2004         09-JUL-98 ST_CLERK         2500                       124            50                                                     
        149 Eleni           Zlotkey         EZLOTKEY   011.44.1344.429018   29-JAN-00 SA_MAN          10500             .2        100            80                                                     
        174 Ellen           Abel            EABEL      011.44.1644.429267   11-MAY-96 SA_REP          11000             .3        149            80                                                     
        176 Jonathon        Taylor          JTAYLOR    011.44.1644.429265   24-MAR-98 SA_REP           8600             .3        149            80                                                     
        178 Kimerely        Grant           KGRANT     011.44.1644.429263   24-MAY-99 SA_REP           7000            .15        149                                                                   
        200 Jennifer        Whalen          JWHALEN    515.123.4444         17-SEP-87 AD_ASST          4400                       101            10                                                     
        201 Michael         Hartstein       MHARTSTE   515.123.5555         17-FEB-96 MK_MAN          13000                       100            20                                                     
        202 Pat             Fay             PFAY       603.123.6666         17-AUG-97 MK_REP           6000                       201            20                                                     
        205 Shelley         Higgins         SHIGGINS   515.123.8080         07-JUN-94 AC_MGR          12000                       101           110                                                     
        206 William         Gietz           WGIETZ     515.123.8181         07-JUN-94 AC_ACCOUNT       8300                       205           110                                                     

20 rows selected.

SQL> REM OUTER JOIN : TO GET UNMATCHED ROWS IN RESULT
SQL> 
SQL> SELECT * FROM COUNTRIES;

CO COUNTRY_NAME                              REGION_ID                                                                                                                                                  
-- ---------------------------------------- ----------                                                                                                                                                  
CA Canada                                            2                                                                                                                                                  
DE Germany                                           1                                                                                                                                                  
UK United Kingdom                                    1                                                                                                                                                  
US United States of America                          2                                                                                                                                                  

SQL> SELECT * FROM REGIONS;

 REGION_ID REGION_NAME                                                                                                                                                                                  
---------- -------------------------                                                                                                                                                                    
         1 Europe                                                                                                                                                                                       
         2 Americas                                                                                                                                                                                     
         3 Asia                                                                                                                                                                                         
         4 Middle East and Africa                                                                                                                                                                       

SQL> SELECT COUNTRY_NAME , REGION_NAME
  2  FROM COUNTRIES
  3  RIGHT OUTER JOIN REGIONS USING (REGION_ID);

COUNTRY_NAME                             REGION_NAME                                                                                                                                                    
---------------------------------------- -------------------------                                                                                                                                      
Canada                                   Americas                                                                                                                                                       
Germany                                  Europe                                                                                                                                                         
United Kingdom                           Europe                                                                                                                                                         
United States of America                 Americas                                                                                                                                                       
                                         Middle East and Africa                                                                                                                                         
                                         Asia                                                                                                                                                           

6 rows selected.

SQL> SELECT COUNTRY_NAME , REGION_NAME
  2  FROM REGIONS
  3  LEFT OUTER JOIN COUNTRIES USING (REGION_ID);

COUNTRY_NAME                             REGION_NAME                                                                                                                                                    
---------------------------------------- -------------------------                                                                                                                                      
Canada                                   Americas                                                                                                                                                       
Germany                                  Europe                                                                                                                                                         
United Kingdom                           Europe                                                                                                                                                         
United States of America                 Americas                                                                                                                                                       
                                         Middle East and Africa                                                                                                                                         
                                         Asia                                                                                                                                                           

6 rows selected.

SQL> SELECT COUNTRY_NAME , REGION_NAME
  2  FROM REGIONS
  3  FULL OUTER JOIN COUNTRIES USING (REGION_ID);

COUNTRY_NAME                             REGION_NAME                                                                                                                                                    
---------------------------------------- -------------------------                                                                                                                                      
Canada                                   Americas                                                                                                                                                       
Germany                                  Europe                                                                                                                                                         
United Kingdom                           Europe                                                                                                                                                         
United States of America                 Americas                                                                                                                                                       
                                         Middle East and Africa                                                                                                                                         
                                         Asia                                                                                                                                                           

6 rows selected.

SQL> SELECT FIRST_NAME , DEPARTMENT_NAME
  2  FROM EMPLOYEES
  3  LEFT OUTER JOIN DEPARTMENTS USING (DEPARTMENT_ID);

FIRST_NAME      DEPARTMENT_NAME                                                                                                                                                                         
--------------- ------------------------------                                                                                                                                                          
Jennifer        Administration                                                                                                                                                                          
Michael         Marketing                                                                                                                                                                               
Pat             Marketing                                                                                                                                                                               
Kevin           Shiping                                                                                                                                                                                 
Trenna          Shiping                                                                                                                                                                                 
Curtis          Shiping                                                                                                                                                                                 
Randall         Shiping                                                                                                                                                                                 
Peter           Shiping                                                                                                                                                                                 
Alexander       IT                                                                                                                                                                                      
Bruce           IT                                                                                                                                                                                      
Diana           IT                                                                                                                                                                                      
Eleni           Sales                                                                                                                                                                                   
Ellen           Sales                                                                                                                                                                                   
Jonathon        Sales                                                                                                                                                                                   
Steven          Executive                                                                                                                                                                               
Neena           Executive                                                                                                                                                                               
Lex             Executive                                                                                                                                                                               
Shelley         Accounting                                                                                                                                                                              
William         Accounting                                                                                                                                                                              
Kimerely                                                                                                                                                                                                

20 rows selected.

SQL> SELECT FIRST_NAME , DEPARTMENT_NAME
  2  FROM EMPLOYEES
  3  RIGHT OUTER JOIN DEPARTMENTS USING (DEPARTMENT_ID);

FIRST_NAME      DEPARTMENT_NAME                                                                                                                                                                         
--------------- ------------------------------                                                                                                                                                          
Jennifer        Administration                                                                                                                                                                          
Michael         Marketing                                                                                                                                                                               
Pat             Marketing                                                                                                                                                                               
Kevin           Shiping                                                                                                                                                                                 
Peter           Shiping                                                                                                                                                                                 
Randall         Shiping                                                                                                                                                                                 
Curtis          Shiping                                                                                                                                                                                 
Trenna          Shiping                                                                                                                                                                                 
Diana           IT                                                                                                                                                                                      
Bruce           IT                                                                                                                                                                                      
Alexander       IT                                                                                                                                                                                      
Ellen           Sales                                                                                                                                                                                   
Eleni           Sales                                                                                                                                                                                   
Jonathon        Sales                                                                                                                                                                                   
Lex             Executive                                                                                                                                                                               
Steven          Executive                                                                                                                                                                               
Neena           Executive                                                                                                                                                                               
William         Accounting                                                                                                                                                                              
Shelley         Accounting                                                                                                                                                                              
                Contracting                                                                                                                                                                             

20 rows selected.

SQL> SELECT FIRST_NAME , DEPARTMENT_NAME
  2  FROM EMPLOYEES
  3  FULL OUTER JOIN DEPARTMENTS USING (DEPARTMENT_ID);

FIRST_NAME      DEPARTMENT_NAME                                                                                                                                                                         
--------------- ------------------------------                                                                                                                                                          
Steven          Executive                                                                                                                                                                               
Neena           Executive                                                                                                                                                                               
Lex             Executive                                                                                                                                                                               
Alexander       IT                                                                                                                                                                                      
Bruce           IT                                                                                                                                                                                      
Diana           IT                                                                                                                                                                                      
Kevin           Shiping                                                                                                                                                                                 
Trenna          Shiping                                                                                                                                                                                 
Curtis          Shiping                                                                                                                                                                                 
Randall         Shiping                                                                                                                                                                                 
Peter           Shiping                                                                                                                                                                                 
Eleni           Sales                                                                                                                                                                                   
Ellen           Sales                                                                                                                                                                                   
Jonathon        Sales                                                                                                                                                                                   
Kimerely                                                                                                                                                                                                
Jennifer        Administration                                                                                                                                                                          
Michael         Marketing                                                                                                                                                                               
Pat             Marketing                                                                                                                                                                               
Shelley         Accounting                                                                                                                                                                              
William         Accounting                                                                                                                                                                              
                Contracting                                                                                                                                                                             

21 rows selected.

SQL> SELECT * FROM COUNTRIES;

CO COUNTRY_NAME                              REGION_ID                                                                                                                                                  
-- ---------------------------------------- ----------                                                                                                                                                  
CA Canada                                            2                                                                                                                                                  
DE Germany                                           1                                                                                                                                                  
UK United Kingdom                                    1                                                                                                                                                  
US United States of America                          2                                                                                                                                                  

SQL> SELECT * FROM REGIONS;

 REGION_ID REGION_NAME                                                                                                                                                                                  
---------- -------------------------                                                                                                                                                                    
         1 Europe                                                                                                                                                                                       
         2 Americas                                                                                                                                                                                     
         3 Asia                                                                                                                                                                                         
         4 Middle East and Africa                                                                                                                                                                       

SQL> SELECT COUNTRY_NAME , REGION_NAME
  2  FROM COUNTRIES C
  3  RIGHT OUTER JOIN REGIONS R ON C.REGION_ID = R.REGION_ID;

COUNTRY_NAME                             REGION_NAME                                                                                                                                                    
---------------------------------------- -------------------------                                                                                                                                      
Canada                                   Americas                                                                                                                                                       
Germany                                  Europe                                                                                                                                                         
United Kingdom                           Europe                                                                                                                                                         
United States of America                 Americas                                                                                                                                                       
                                         Middle East and Africa                                                                                                                                         
                                         Asia                                                                                                                                                           

6 rows selected.

SQL> SELECT COUNTRY_NAME , REGION_NAME
  2  FROM REGIONS R
  3  LEFT OUTER JOIN COUNTRIES C ON C.REGION_ID = R.REGION_ID;

COUNTRY_NAME                             REGION_NAME                                                                                                                                                    
---------------------------------------- -------------------------                                                                                                                                      
Canada                                   Americas                                                                                                                                                       
Germany                                  Europe                                                                                                                                                         
United Kingdom                           Europe                                                                                                                                                         
United States of America                 Americas                                                                                                                                                       
                                         Middle East and Africa                                                                                                                                         
                                         Asia                                                                                                                                                           

6 rows selected.

SQL> SELECT COUNTRY_NAME , REGION_NAME
  2  FROM REGIONS R
  3  FULL OUTER JOIN COUNTRIES C ON C.REGION_ID = R.REGION_ID;

COUNTRY_NAME                             REGION_NAME                                                                                                                                                    
---------------------------------------- -------------------------                                                                                                                                      
Canada                                   Americas                                                                                                                                                       
Germany                                  Europe                                                                                                                                                         
United Kingdom                           Europe                                                                                                                                                         
United States of America                 Americas                                                                                                                                                       
                                         Middle East and Africa                                                                                                                                         
                                         Asia                                                                                                                                                           

6 rows selected.

SQL> SELECT * FROM LOCATIONS;

LOCATION_ID STREET_ADRESS                            POSTAL_CODE  CITY                           STATE_PROVINCE            CO                                                                           
----------- ---------------------------------------- ------------ ------------------------------ ------------------------- --                                                                           
       1400 2014 Jabberwocky Rd                      26192        Southlake                      Texas                     US                                                                           
       1500 2011 Interiors Blvd                      99236        South San Francisco            California                US                                                                           
       1700 2004 Charade Rd                          98199        Seattle                        Washington                US                                                                           
       1800 460 Bloor St. W.                         ON M5S 1X8   Toronto                        Ontario                   CA                                                                           
       2500 Magdalen Centre, The Oxford Science Park OX9 9ZB      Oxford                         Oxford                    UK                                                                           

SQL> SELECT * FROM COUNTRIES;;
SELECT * FROM COUNTRIES;
                       *
ERROR at line 1:
ORA-00933: SQL command not properly ended 


SQL> SELECT * FROM LOCATIONS;

LOCATION_ID STREET_ADRESS                            POSTAL_CODE  CITY                           STATE_PROVINCE            CO                                                                           
----------- ---------------------------------------- ------------ ------------------------------ ------------------------- --                                                                           
       1400 2014 Jabberwocky Rd                      26192        Southlake                      Texas                     US                                                                           
       1500 2011 Interiors Blvd                      99236        South San Francisco            California                US                                                                           
       1700 2004 Charade Rd                          98199        Seattle                        Washington                US                                                                           
       1800 460 Bloor St. W.                         ON M5S 1X8   Toronto                        Ontario                   CA                                                                           
       2500 Magdalen Centre, The Oxford Science Park OX9 9ZB      Oxford                         Oxford                    UK                                                                           

SQL> SELECT * FROM COUNTRIES;

CO COUNTRY_NAME                              REGION_ID                                                                                                                                                  
-- ---------------------------------------- ----------                                                                                                                                                  
CA Canada                                            2                                                                                                                                                  
DE Germany                                           1                                                                                                                                                  
UK United Kingdom                                    1                                                                                                                                                  
US United States of America                          2                                                                                                                                                  

SQL> SELECT * FROM REGIONS;

 REGION_ID REGION_NAME                                                                                                                                                                                  
---------- -------------------------                                                                                                                                                                    
         1 Europe                                                                                                                                                                                       
         2 Americas                                                                                                                                                                                     
         3 Asia                                                                                                                                                                                         
         4 Middle East and Africa                                                                                                                                                                       

SQL> REM 1 CITY , COUNTRY_NAME
SQL> 
SQL> REM 2 COUNTRY_NAME , REGION_NAME
SQL> 
SQL> REM 3 CITY , COUNTRY_NAME , REGION_NAME (IT SHOULD ADD UNMATCHED COUNTRY_NAME AS WELL AS UNMATCHED REGION_NAME)
SQL> 
SQL> 
SQL> REM 'ON'
SQL> 
SQL> 
SQL> REM 1 CITY , COUNTRY_NAME
SQL> 
SQL> SELECT CITY , COUNTRY_NAME
  2  FROM LOCATIONS
  3  RIGHT OUTER JOIN COUNTRIES ON LOCATIONS.COUNTRY_ID = COUNTRIES.COUNTRY_ID;

CITY                           COUNTRY_NAME                                                                                                                                                             
------------------------------ ----------------------------------------                                                                                                                                 
Southlake                      United States of America                                                                                                                                                 
South San Francisco            United States of America                                                                                                                                                 
Seattle                        United States of America                                                                                                                                                 
Toronto                        Canada                                                                                                                                                                   
Oxford                         United Kingdom                                                                                                                                                           
                               Germany                                                                                                                                                                  

6 rows selected.

SQL> SELECT CITY , COUNTRY_NAME
  2  FROM COUNTRIES C
  3  LEFT OUTER JOIN LOCATIONS L ON L.COUNTRY_ID = C.COUNTRY_ID;

CITY                           COUNTRY_NAME                                                                                                                                                             
------------------------------ ----------------------------------------                                                                                                                                 
Southlake                      United States of America                                                                                                                                                 
South San Francisco            United States of America                                                                                                                                                 
Seattle                        United States of America                                                                                                                                                 
Toronto                        Canada                                                                                                                                                                   
Oxford                         United Kingdom                                                                                                                                                           
                               Germany                                                                                                                                                                  

6 rows selected.

SQL> REM 2 COUNTRY_NAME , REGION_NAME
SQL> 
SQL> SELECT COUNTRY_NAME , REGION_NAME
  2  FROM COUNTRIES C
  3  RIGHT JOIN REGIONS R ON C.REGION_ID = R.REGION_ID;

COUNTRY_NAME                             REGION_NAME                                                                                                                                                    
---------------------------------------- -------------------------                                                                                                                                      
Canada                                   Americas                                                                                                                                                       
Germany                                  Europe                                                                                                                                                         
United Kingdom                           Europe                                                                                                                                                         
United States of America                 Americas                                                                                                                                                       
                                         Middle East and Africa                                                                                                                                         
                                         Asia                                                                                                                                                           

6 rows selected.

SQL> REM 3 CITY , COUNTRY_NAME , REGION_NAME (IT SHOULD ADD UNMATCHED COUNTRY_NAME AS WELL AS UNMATCHED REGION_NAME)
SQL> 
SQL> SELECT CITY , COUNTRY_NAME , REGION_NAME
  2  FROM LOCATIONS L
  3  RIGHT JOIN COUNTRIES C
  4  
SQL> SELECT CITY , COUNTRY_NAME , REGION_NAME
  2  FROM LOCATIONS L
  3  RIGHT JOIN COUNTRIES C ON L.COUNTRY_ID = C.COUNTRY_ID
  4  RIGHT JOIN REGIONS   R ON C.REGION_ID  = R.REGION_ID;

CITY                           COUNTRY_NAME                             REGION_NAME                                                                                                                     
------------------------------ ---------------------------------------- -------------------------                                                                                                       
Southlake                      United States of America                 Americas                                                                                                                        
South San Francisco            United States of America                 Americas                                                                                                                        
Seattle                        United States of America                 Americas                                                                                                                        
Toronto                        Canada                                   Americas                                                                                                                        
Oxford                         United Kingdom                           Europe                                                                                                                          
                               Germany                                  Europe                                                                                                                          
                                                                        Middle East and Africa                                                                                                          
                                                                        Asia                                                                                                                            

8 rows selected.

SQL> REM 3 CITY , COUNTRY_NAME , REGION_NAME (IT SHOULD ADD UNMATCHED COUNTRY_NAME AS WELL AS UNMATCHED REGION_NAME)
SQL> 
SQL> REM 1 ONLY LEFT OUTER JOIN 2 LEFT OUTER JOIN + RIGHT OUTER JOIN : 'ON'
SQL> 
SQL> REM 3 LEFT OUTER JOIN + RIGHT OUTER JOIN : 'ON' + 'USING'
SQL> 
SQL> 
SQL> 
SQL> SELECT CITY , COUNTRY_NAME , REGION_NAME
  2  FROM REGOINS R
  3  LEFT JOIN COUNTRIES C ON R.REGION_ID = C.REGION_ID
  4  LEFT JOIN LOCATIONS L ON C.COUNTRY_ID = L.COUNTRY_ID;
FROM REGOINS R
     *
ERROR at line 2:
ORA-00942: table or view does not exist 


SQL> SELECT CITY , COUNTRY_NAME , REGION_NAME
  2  FROM REGIONS R
  3  LEFT JOIN COUNTRIES C ON R.REGION_ID = C.REGION_ID
  4  LEFT JOIN LOCATIONS L ON C.COUNTRY_ID = L.COUNTRY_ID;

CITY                           COUNTRY_NAME                             REGION_NAME                                                                                                                     
------------------------------ ---------------------------------------- -------------------------                                                                                                       
Southlake                      United States of America                 Americas                                                                                                                        
South San Francisco            United States of America                 Americas                                                                                                                        
Seattle                        United States of America                 Americas                                                                                                                        
Toronto                        Canada                                   Americas                                                                                                                        
Oxford                         United Kingdom                           Europe                                                                                                                          
                               Germany                                  Europe                                                                                                                          
                                                                        Middle East and Africa                                                                                                          
                                                                        Asia                                                                                                                            

8 rows selected.

SQL> SELECT CITY , COUNTRY_NAME , REGION_NAME
  2  FROM REGIONS R
  3  
SQL> 
SQL> SELECT CITY , COUNTRY_NAME , REGION_NAME
  2  FROM COUNTRIES C
  3  LEFT JOIN LOCATIONS L ON C.COUNTRY_ID = L.COUNTRY_ID
  4  RIGHT JOIN REGIONS R ON C.REGION_ID = R.REGION_ID;

CITY                           COUNTRY_NAME                             REGION_NAME                                                                                                                     
------------------------------ ---------------------------------------- -------------------------                                                                                                       
Southlake                      United States of America                 Americas                                                                                                                        
South San Francisco            United States of America                 Americas                                                                                                                        
Seattle                        United States of America                 Americas                                                                                                                        
Toronto                        Canada                                   Americas                                                                                                                        
Oxford                         United Kingdom                           Europe                                                                                                                          
                               Germany                                  Europe                                                                                                                          
                                                                        Middle East and Africa                                                                                                          
                                                                        Asia                                                                                                                            

8 rows selected.

SQL> SELECT CITY , COUNTRY_NAME , REGION_NAME
  2  FROM COUNTRIES C
  3  LEFT JOIN LOCATIONS L ON C.COUNTRY_ID = L.COUNTRY_ID
  4  RIGHT JOIN REGIONS R USING (REGION_ID);

CITY                           COUNTRY_NAME                             REGION_NAME                                                                                                                     
------------------------------ ---------------------------------------- -------------------------                                                                                                       
Southlake                      United States of America                 Americas                                                                                                                        
South San Francisco            United States of America                 Americas                                                                                                                        
Seattle                        United States of America                 Americas                                                                                                                        
Toronto                        Canada                                   Americas                                                                                                                        
Oxford                         United Kingdom                           Europe                                                                                                                          
                               Germany                                  Europe                                                                                                                          
                                                                        Middle East and Africa                                                                                                          
                                                                        Asia                                                                                                                            

8 rows selected.

SQL> SELECT FIRST_NAME , SALARY FROM EMPLOYEES ORDER BY 2;

FIRST_NAME          SALARY                                                                                                                                                                              
--------------- ----------                                                                                                                                                                              
Peter                 2500                                                                                                                                                                              
Randall               2600                                                                                                                                                                              
Curtis                3100                                                                                                                                                                              
Trenna                3500                                                                                                                                                                              
Diana                 4200                                                                                                                                                                              
Jennifer              4400                                                                                                                                                                              
Kevin                 5800                                                                                                                                                                              
Bruce                 6000                                                                                                                                                                              
Pat                   6000                                                                                                                                                                              
Kimerely              7000                                                                                                                                                                              
William               8300                                                                                                                                                                              
Jonathon              8600                                                                                                                                                                              
Alexander             9000                                                                                                                                                                              
Eleni                10500                                                                                                                                                                              
Ellen                11000                                                                                                                                                                              
Shelley              12000                                                                                                                                                                              
Michael              13000                                                                                                                                                                              
Neena                17000                                                                                                                                                                              
Lex                  17000                                                                                                                                                                              
Steven               24000                                                                                                                                                                              

20 rows selected.

SQL> SELECT * FROM JOB_GRADES;

GRA LOWEST_SAL HIGHEST_SAL                                                                                                                                                                              
--- ---------- -----------                                                                                                                                                                              
A         1000        2999                                                                                                                                                                              
B         3000        5999                                                                                                                                                                              
C         6000        9999                                                                                                                                                                              
D        10000       14999                                                                                                                                                                              
E        15000       24999                                                                                                                                                                              
F        25000       40000                                                                                                                                                                              

6 rows selected.

SQL> SELECT FIRST_NAME , SALARY , GRADE_LEVEL
  2  FROM EMPLOYEES
  3  RIGHT JOIN JOB_GRADES ON SALARY BETWEEN LOWEST_SAL AND HIGHEST_SAL;

FIRST_NAME          SALARY GRA                                                                                                                                                                          
--------------- ---------- ---                                                                                                                                                                          
Peter                 2500 A                                                                                                                                                                            
Randall               2600 A                                                                                                                                                                            
Curtis                3100 B                                                                                                                                                                            
Trenna                3500 B                                                                                                                                                                            
Diana                 4200 B                                                                                                                                                                            
Jennifer              4400 B                                                                                                                                                                            
Kevin                 5800 B                                                                                                                                                                            
Bruce                 6000 C                                                                                                                                                                            
Pat                   6000 C                                                                                                                                                                            
Kimerely              7000 C                                                                                                                                                                            
William               8300 C                                                                                                                                                                            
Jonathon              8600 C                                                                                                                                                                            
Alexander             9000 C                                                                                                                                                                            
Eleni                10500 D                                                                                                                                                                            
Ellen                11000 D                                                                                                                                                                            
Shelley              12000 D                                                                                                                                                                            
Michael              13000 D                                                                                                                                                                            
Neena                17000 E                                                                                                                                                                            
Lex                  17000 E                                                                                                                                                                            
Steven               24000 E                                                                                                                                                                            
                           F                                                                                                                                                                            

21 rows selected.

SQL> SELECT FIRST_NAME , SALARY , J.*
  2  FROM EMPLOYEES
  3  RIGHT JOIN JOB_GRADES J ON SALARY BETWEEN LOWEST_SAL AND HIGHEST_SAL;

FIRST_NAME          SALARY GRA LOWEST_SAL HIGHEST_SAL                                                                                                                                                   
--------------- ---------- --- ---------- -----------                                                                                                                                                   
Peter                 2500 A         1000        2999                                                                                                                                                   
Randall               2600 A         1000        2999                                                                                                                                                   
Curtis                3100 B         3000        5999                                                                                                                                                   
Trenna                3500 B         3000        5999                                                                                                                                                   
Diana                 4200 B         3000        5999                                                                                                                                                   
Jennifer              4400 B         3000        5999                                                                                                                                                   
Kevin                 5800 B         3000        5999                                                                                                                                                   
Bruce                 6000 C         6000        9999                                                                                                                                                   
Pat                   6000 C         6000        9999                                                                                                                                                   
Kimerely              7000 C         6000        9999                                                                                                                                                   
William               8300 C         6000        9999                                                                                                                                                   
Jonathon              8600 C         6000        9999                                                                                                                                                   
Alexander             9000 C         6000        9999                                                                                                                                                   
Eleni                10500 D        10000       14999                                                                                                                                                   
Ellen                11000 D        10000       14999                                                                                                                                                   
Shelley              12000 D        10000       14999                                                                                                                                                   
Michael              13000 D        10000       14999                                                                                                                                                   
Neena                17000 E        15000       24999                                                                                                                                                   
Lex                  17000 E        15000       24999                                                                                                                                                   
Steven               24000 E        15000       24999                                                                                                                                                   
                           F        25000       40000                                                                                                                                                   

21 rows selected.

SQL> REM DISPLAY ONLY GRADE_LEVEL IN WHICH NO ONE IS GETTING SALARY.
SQL> 
SQL> SELECT  GRADE_LEVEL
  2  FROM EMPLOYEES
  3  RIGHT JOIN JOB_GRADES ON SALARY BETWEEN LOWEST_SAL AND HIGHEST_SAL
  4  WHERE EMPLOYEE_ID IS NULL;

GRA                                                                                                                                                                                                     
---                                                                                                                                                                                                     
F                                                                                                                                                                                                       

SQL> SELECT  GRADE_LEVEL
  2  FROM EMPLOYEES
  3  RIGHT JOIN JOB_GRADES ON SALARY BETWEEN LOWEST_SAL AND HIGHEST_SAL
  4  WHERE COMMISSION_PCT IS NULL;

GRA                                                                                                                                                                                                     
---                                                                                                                                                                                                     
A                                                                                                                                                                                                       
A                                                                                                                                                                                                       
B                                                                                                                                                                                                       
B                                                                                                                                                                                                       
B                                                                                                                                                                                                       
B                                                                                                                                                                                                       
B                                                                                                                                                                                                       
C                                                                                                                                                                                                       
C                                                                                                                                                                                                       
C                                                                                                                                                                                                       
C                                                                                                                                                                                                       
D                                                                                                                                                                                                       
D                                                                                                                                                                                                       
E                                                                                                                                                                                                       
E                                                                                                                                                                                                       
E                                                                                                                                                                                                       
F                                                                                                                                                                                                       

17 rows selected.

SQL> SELECT * FROM EMPLOYEES;

EMPLOYEE_ID FIRST_NAME      LAST_NAME       EMAIL      PHONE_NUMBER         HIRE_DATE JOB_ID         SALARY COMMISSION_PCT MANAGER_ID DEPARTMENT_ID                                                     
----------- --------------- --------------- ---------- -------------------- --------- ---------- ---------- -------------- ---------- -------------                                                     
        100 Steven          King            SKING      515.123.4567         17-JUL-87 AD_PRES         24000                                      90                                                     
        101 Neena           Kochhar         NKOCHHAR   515.123.4568         21-SEP-89 AD_VP           17000                       100            90                                                     
        102 Lex             De Haan         LDEHAAN    515.123.4569         13-JAN-93 AD_VP           17000                       100            90                                                     
        103 Alexander       Hunold          AHUNOLD    590.423.4567         03-JAN-90 IT_PROG          9000                       102            60                                                     
        104 Bruce           Ernst           BERNST     590.423.4568         21-MAY-91 IT_PROG          6000                       103            60                                                     
        107 Diana           Lorentz         DLORENTZ   590.423.5567         07-FEB-99 IT_PROG          4200                       103            60                                                     
        124 Kevin           Mourgos         KMOURGOS   650.123.5234         16-NOV-99 ST_MAN           5800                       100            50                                                     
        141 Trenna          Rajs            TRAJS      650.121.8009         17-OCT-95 ST_CLERK         3500                       124            50                                                     
        142 Curtis          Davies          CDAVIES    650.121.2994         29-JAN-97 ST_CLERK         3100                       124            50                                                     
        143 Randall         Matos           RMATOS     650.121.2874         15-MAR-98 ST_CLERK         2600                       124            50                                                     
        144 Peter           Vargas                     650.121.2004         09-JUL-98 ST_CLERK         2500                       124            50                                                     
        149 Eleni           Zlotkey         EZLOTKEY   011.44.1344.429018   29-JAN-00 SA_MAN          10500             .2        100            80                                                     
        174 Ellen           Abel            EABEL      011.44.1644.429267   11-MAY-96 SA_REP          11000             .3        149            80                                                     
        176 Jonathon        Taylor          JTAYLOR    011.44.1644.429265   24-MAR-98 SA_REP           8600             .3        149            80                                                     
        178 Kimerely        Grant           KGRANT     011.44.1644.429263   24-MAY-99 SA_REP           7000            .15        149                                                                   
        200 Jennifer        Whalen          JWHALEN    515.123.4444         17-SEP-87 AD_ASST          4400                       101            10                                                     
        201 Michael         Hartstein       MHARTSTE   515.123.5555         17-FEB-96 MK_MAN          13000                       100            20                                                     
        202 Pat             Fay             PFAY       603.123.6666         17-AUG-97 MK_REP           6000                       201            20                                                     
        205 Shelley         Higgins         SHIGGINS   515.123.8080         07-JUN-94 AC_MGR          12000                       101           110                                                     
        206 William         Gietz           WGIETZ     515.123.8181         07-JUN-94 AC_ACCOUNT       8300                       205           110                                                     

20 rows selected.

SQL> SELECT * FROM JOB_HISTORY;

EMPLOYEE_ID START_DAT END_DATE  JOB_ID     DEPARTMENT_ID                                                                                                                                                
----------- --------- --------- ---------- -------------                                                                                                                                                
        102 13-JAN-93 24-JUL-98 IT_PROG               60                                                                                                                                                
        101 21-SEP-89 27-OCT-93 AC_ACCOUNT           110                                                                                                                                                
        101 28-OCT-93 15-MAR-97 AC_MGR               110                                                                                                                                                
        201 17-FEB-96 19-DEC-99 MK_REP                20                                                                                                                                                
        114 24-MAR-98 31-DEC-99 ST_CLERK              50                                                                                                                                                
        122 01-JAN-99 31-DEC-99 ST_CLERK              50                                                                                                                                                
        200 17-SEP-87 17-JUN-93 AD_ASST               90                                                                                                                                                
        176 24-MAR-98 31-DEC-98 SA_REP                80                                                                                                                                                
        176 01-JAN-99 31-DEC-99 SA_MAN                80                                                                                                                                                
        200 01-JUL-94 31-DEC-98 AC_ACCOUNT            90                                                                                                                                                

10 rows selected.

SQL> REM DISPLAY THOSE WHO HAVE GOT PROMOTION
SQL> 
SQL> SELECT FIRST_NAME
  2  FROM
  3  
SQL> 
SQL> SELECT EMPLOYEE_ID ,FIRST_NAME
  2  FROM EMPLOYEES
  3  JOIN JOB_HISTORY USING (EMPLOYEE_ID);

EMPLOYEE_ID FIRST_NAME                                                                                                                                                                                  
----------- ---------------                                                                                                                                                                             
        101 Neena                                                                                                                                                                                       
        101 Neena                                                                                                                                                                                       
        102 Lex                                                                                                                                                                                         
        176 Jonathon                                                                                                                                                                                    
        176 Jonathon                                                                                                                                                                                    
        200 Jennifer                                                                                                                                                                                    
        200 Jennifer                                                                                                                                                                                    
        201 Michael                                                                                                                                                                                     

8 rows selected.

SQL> SELECT DISTINCT EMPLOYEE_ID ,FIRST_NAME
  2  FROM EMPLOYEES
  3  JOIN JOB_HISTORY USING (EMPLOYEE_ID);

EMPLOYEE_ID FIRST_NAME                                                                                                                                                                                  
----------- ---------------                                                                                                                                                                             
        201 Michael                                                                                                                                                                                     
        102 Lex                                                                                                                                                                                         
        101 Neena                                                                                                                                                                                       
        200 Jennifer                                                                                                                                                                                    
        176 Jonathon                                                                                                                                                                                    

SQL> REM 1 DISPLAY EMPLOYEE_ID AND FIRST_NAME WHO HAVE NOT GOT ANY PROMOTION
SQL> 
SQL> REM 2 DISPLAY EMPLOYEE_ID WHO HAVE LEFT THE COMPANY.
SQL> 
SQL> SELECT * FROM EMPLOYEES;

EMPLOYEE_ID FIRST_NAME      LAST_NAME       EMAIL      PHONE_NUMBER         HIRE_DATE JOB_ID         SALARY COMMISSION_PCT MANAGER_ID DEPARTMENT_ID                                                     
----------- --------------- --------------- ---------- -------------------- --------- ---------- ---------- -------------- ---------- -------------                                                     
        100 Steven          King            SKING      515.123.4567         17-JUL-87 AD_PRES         24000                                      90                                                     
        101 Neena           Kochhar         NKOCHHAR   515.123.4568         21-SEP-89 AD_VP           17000                       100            90                                                     
        102 Lex             De Haan         LDEHAAN    515.123.4569         13-JAN-93 AD_VP           17000                       100            90                                                     
        103 Alexander       Hunold          AHUNOLD    590.423.4567         03-JAN-90 IT_PROG          9000                       102            60                                                     
        104 Bruce           Ernst           BERNST     590.423.4568         21-MAY-91 IT_PROG          6000                       103            60                                                     
        107 Diana           Lorentz         DLORENTZ   590.423.5567         07-FEB-99 IT_PROG          4200                       103            60                                                     
        124 Kevin           Mourgos         KMOURGOS   650.123.5234         16-NOV-99 ST_MAN           5800                       100            50                                                     
        141 Trenna          Rajs            TRAJS      650.121.8009         17-OCT-95 ST_CLERK         3500                       124            50                                                     
        142 Curtis          Davies          CDAVIES    650.121.2994         29-JAN-97 ST_CLERK         3100                       124            50                                                     
        143 Randall         Matos           RMATOS     650.121.2874         15-MAR-98 ST_CLERK         2600                       124            50                                                     
        144 Peter           Vargas                     650.121.2004         09-JUL-98 ST_CLERK         2500                       124            50                                                     
        149 Eleni           Zlotkey         EZLOTKEY   011.44.1344.429018   29-JAN-00 SA_MAN          10500             .2        100            80                                                     
        174 Ellen           Abel            EABEL      011.44.1644.429267   11-MAY-96 SA_REP          11000             .3        149            80                                                     
        176 Jonathon        Taylor          JTAYLOR    011.44.1644.429265   24-MAR-98 SA_REP           8600             .3        149            80                                                     
        178 Kimerely        Grant           KGRANT     011.44.1644.429263   24-MAY-99 SA_REP           7000            .15        149                                                                   
        200 Jennifer        Whalen          JWHALEN    515.123.4444         17-SEP-87 AD_ASST          4400                       101            10                                                     
        201 Michael         Hartstein       MHARTSTE   515.123.5555         17-FEB-96 MK_MAN          13000                       100            20                                                     
        202 Pat             Fay             PFAY       603.123.6666         17-AUG-97 MK_REP           6000                       201            20                                                     
        205 Shelley         Higgins         SHIGGINS   515.123.8080         07-JUN-94 AC_MGR          12000                       101           110                                                     
        206 William         Gietz           WGIETZ     515.123.8181         07-JUN-94 AC_ACCOUNT       8300                       205           110                                                     

20 rows selected.

SQL> SELECT * FROM JOB_HISTORY;

EMPLOYEE_ID START_DAT END_DATE  JOB_ID     DEPARTMENT_ID                                                                                                                                                
----------- --------- --------- ---------- -------------                                                                                                                                                
        102 13-JAN-93 24-JUL-98 IT_PROG               60                                                                                                                                                
        101 21-SEP-89 27-OCT-93 AC_ACCOUNT           110                                                                                                                                                
        101 28-OCT-93 15-MAR-97 AC_MGR               110                                                                                                                                                
        201 17-FEB-96 19-DEC-99 MK_REP                20                                                                                                                                                
        114 24-MAR-98 31-DEC-99 ST_CLERK              50                                                                                                                                                
        122 01-JAN-99 31-DEC-99 ST_CLERK              50                                                                                                                                                
        200 17-SEP-87 17-JUN-93 AD_ASST               90                                                                                                                                                
        176 24-MAR-98 31-DEC-98 SA_REP                80                                                                                                                                                
        176 01-JAN-99 31-DEC-99 SA_MAN                80                                                                                                                                                
        200 01-JUL-94 31-DEC-98 AC_ACCOUNT            90                                                                                                                                                

10 rows selected.

SQL> REM 1 DISPLAY EMPLOYEE_ID AND FIRST_NAME WHO HAVE NOT GOT ANY PROMOTION
SQL> 
SQL> SELECT E.EMPLOYEE_ID , E.FIRST_NAME
  2  FROM EMPLOYEES E
  3  LEFT JOIN JOB_HISTORY J USING (EMPLOYEE_ID)
  4  WHERE START_DATE IS NULL
  5  
SQL> 
SQL> SELECT EMPLOYEE_ID , FIRST_NAME
  2  FROM EMPLOYEES
  3  LEFT JOIN JOB_HISTORY USING (EMPLOYEE_ID)
  4  WHERE START_DATE IS NULL;

EMPLOYEE_ID FIRST_NAME                                                                                                                                                                                  
----------- ---------------                                                                                                                                                                             
        107 Diana                                                                                                                                                                                       
        124 Kevin                                                                                                                                                                                       
        206 William                                                                                                                                                                                     
        143 Randall                                                                                                                                                                                     
        104 Bruce                                                                                                                                                                                       
        141 Trenna                                                                                                                                                                                      
        174 Ellen                                                                                                                                                                                       
        103 Alexander                                                                                                                                                                                   
        142 Curtis                                                                                                                                                                                      
        178 Kimerely                                                                                                                                                                                    
        149 Eleni                                                                                                                                                                                       
        202 Pat                                                                                                                                                                                         
        144 Peter                                                                                                                                                                                       
        205 Shelley                                                                                                                                                                                     
        100 Steven                                                                                                                                                                                      

15 rows selected.

SQL> SELECT E.EMPLOYEE_ID , E.FIRST_NAME
  2  FROM EMPLOYEES E
  3  LEFT JOIN JOB_HISTORY J ON E.EMPLOYEE_ID = J.EMPLOYEE_ID
  4  WHERE START_DATE IS NULL;

EMPLOYEE_ID FIRST_NAME                                                                                                                                                                                  
----------- ---------------                                                                                                                                                                             
        107 Diana                                                                                                                                                                                       
        124 Kevin                                                                                                                                                                                       
        206 William                                                                                                                                                                                     
        143 Randall                                                                                                                                                                                     
        104 Bruce                                                                                                                                                                                       
        141 Trenna                                                                                                                                                                                      
        174 Ellen                                                                                                                                                                                       
        103 Alexander                                                                                                                                                                                   
        142 Curtis                                                                                                                                                                                      
        178 Kimerely                                                                                                                                                                                    
        149 Eleni                                                                                                                                                                                       
        202 Pat                                                                                                                                                                                         
        144 Peter                                                                                                                                                                                       
        205 Shelley                                                                                                                                                                                     
        100 Steven                                                                                                                                                                                      

15 rows selected.

SQL> SELECT UNIQUE(EMPLOYEE_ID) , FIRST_NAME FROM EMPLOYEES LEFT JOIN JOB_HISTORY USING (EMPLOYEE_ID);

EMPLOYEE_ID FIRST_NAME                                                                                                                                                                                  
----------- ---------------                                                                                                                                                                             
        104 Bruce                                                                                                                                                                                       
        201 Michael                                                                                                                                                                                     
        143 Randall                                                                                                                                                                                     
        178 Kimerely                                                                                                                                                                                    
        144 Peter                                                                                                                                                                                       
        124 Kevin                                                                                                                                                                                       
        102 Lex                                                                                                                                                                                         
        107 Diana                                                                                                                                                                                       
        142 Curtis                                                                                                                                                                                      
        202 Pat                                                                                                                                                                                         
        101 Neena                                                                                                                                                                                       
        141 Trenna                                                                                                                                                                                      
        200 Jennifer                                                                                                                                                                                    
        174 Ellen                                                                                                                                                                                       
        103 Alexander                                                                                                                                                                                   
        205 Shelley                                                                                                                                                                                     
        100 Steven                                                                                                                                                                                      
        176 Jonathon                                                                                                                                                                                    
        206 William                                                                                                                                                                                     
        149 Eleni                                                                                                                                                                                       

20 rows selected.

SQL> REM 2 DISPLAY EMPLOYEE_ID WHO HAVE LEFT THE COMPANY.
SQL> 
SQL> SELECT EMPLOYEE_ID
  2  FROM JOB_HISTORY
  3  LEFT JOIN EMPLOYEES USING (EMPLOYEE_ID)
  4  WHERE FIRST_NAME IS NULL;

EMPLOYEE_ID                                                                                                                                                                                             
-----------                                                                                                                                                                                             
        122                                                                                                                                                                                             
        114                                                                                                                                                                                             

SQL> SELECT EMPLOYEE_ID
  2  FROM JOB_HISTORY
  3  LEFT JOIN EMPLOYEES USING (EMPLOYEE_ID)
  4  WHERE EMPLOYEE_ID IS NULL;

no rows selected

SQL> SELECT FIRST_NAME , EMPLOYEE_ID , START_DATE
  2  FROM EMPLOYEES
  3  FULL JOIN JOB_HISTORY USING (EMPLOYEE_ID);

FIRST_NAME      EMPLOYEE_ID START_DAT                                                                                                                                                                   
--------------- ----------- ---------                                                                                                                                                                   
Steven                  100                                                                                                                                                                             
Neena                   101 21-SEP-89                                                                                                                                                                   
Neena                   101 28-OCT-93                                                                                                                                                                   
Lex                     102 13-JAN-93                                                                                                                                                                   
Alexander               103                                                                                                                                                                             
Bruce                   104                                                                                                                                                                             
Diana                   107                                                                                                                                                                             
Kevin                   124                                                                                                                                                                             
Trenna                  141                                                                                                                                                                             
Curtis                  142                                                                                                                                                                             
Randall                 143                                                                                                                                                                             
Peter                   144                                                                                                                                                                             
Eleni                   149                                                                                                                                                                             
Ellen                   174                                                                                                                                                                             
Jonathon                176 24-MAR-98                                                                                                                                                                   
Jonathon                176 01-JAN-99                                                                                                                                                                   
Kimerely                178                                                                                                                                                                             
Jennifer                200 17-SEP-87                                                                                                                                                                   
Jennifer                200 01-JUL-94                                                                                                                                                                   
Michael                 201 17-FEB-96                                                                                                                                                                   
Pat                     202                                                                                                                                                                             

FIRST_NAME      EMPLOYEE_ID START_DAT                                                                                                                                                                   
--------------- ----------- ---------                                                                                                                                                                   
Shelley                 205                                                                                                                                                                             
William                 206                                                                                                                                                                             
                        122 01-JAN-99                                                                                                                                                                   
                        114 24-MAR-98                                                                                                                                                                   

25 rows selected.

SQL> SELECT FIRST_NAME , EMPLOYEE_ID , START_DATE
  2  FROM EMPLOYEES
  3  FULL JOIN JOB_HISTORY USING (EMPLOYEE_ID)
  4  ORDER BY 1,3;

FIRST_NAME      EMPLOYEE_ID START_DAT                                                                                                                                                                   
--------------- ----------- ---------                                                                                                                                                                   
Alexander               103                                                                                                                                                                             
Bruce                   104                                                                                                                                                                             
Curtis                  142                                                                                                                                                                             
Diana                   107                                                                                                                                                                             
Eleni                   149                                                                                                                                                                             
Ellen                   174                                                                                                                                                                             
Jennifer                200 17-SEP-87                                                                                                                                                                   
Jennifer                200 01-JUL-94                                                                                                                                                                   
Jonathon                176 24-MAR-98                                                                                                                                                                   
Jonathon                176 01-JAN-99                                                                                                                                                                   
Kevin                   124                                                                                                                                                                             
Kimerely                178                                                                                                                                                                             
Lex                     102 13-JAN-93                                                                                                                                                                   
Michael                 201 17-FEB-96                                                                                                                                                                   
Neena                   101 21-SEP-89                                                                                                                                                                   
Neena                   101 28-OCT-93                                                                                                                                                                   
Pat                     202                                                                                                                                                                             
Peter                   144                                                                                                                                                                             
Randall                 143                                                                                                                                                                             
Shelley                 205                                                                                                                                                                             
Steven                  100                                                                                                                                                                             

FIRST_NAME      EMPLOYEE_ID START_DAT                                                                                                                                                                   
--------------- ----------- ---------                                                                                                                                                                   
Trenna                  141                                                                                                                                                                             
William                 206                                                                                                                                                                             
                        114 24-MAR-98                                                                                                                                                                   
                        122 01-JAN-99                                                                                                                                                                   

25 rows selected.

SQL> SELECT FIRST_NAME , EMPLOYEE_ID , START_DATE
  2  FROM EMPLOYEES
  3  FULL JOIN JOB_HISTORY USING (EMPLOYEE_ID)
  4  ORDER BY 3,1;

FIRST_NAME      EMPLOYEE_ID START_DAT                                                                                                                                                                   
--------------- ----------- ---------                                                                                                                                                                   
Jennifer                200 17-SEP-87                                                                                                                                                                   
Neena                   101 21-SEP-89                                                                                                                                                                   
Lex                     102 13-JAN-93                                                                                                                                                                   
Neena                   101 28-OCT-93                                                                                                                                                                   
Jennifer                200 01-JUL-94                                                                                                                                                                   
Michael                 201 17-FEB-96                                                                                                                                                                   
Jonathon                176 24-MAR-98                                                                                                                                                                   
                        114 24-MAR-98                                                                                                                                                                   
Jonathon                176 01-JAN-99                                                                                                                                                                   
                        122 01-JAN-99                                                                                                                                                                   
Alexander               103                                                                                                                                                                             
Bruce                   104                                                                                                                                                                             
Curtis                  142                                                                                                                                                                             
Diana                   107                                                                                                                                                                             
Eleni                   149                                                                                                                                                                             
Ellen                   174                                                                                                                                                                             
Kevin                   124                                                                                                                                                                             
Kimerely                178                                                                                                                                                                             
Pat                     202                                                                                                                                                                             
Peter                   144                                                                                                                                                                             
Randall                 143                                                                                                                                                                             

FIRST_NAME      EMPLOYEE_ID START_DAT                                                                                                                                                                   
--------------- ----------- ---------                                                                                                                                                                   
Shelley                 205                                                                                                                                                                             
Steven                  100                                                                                                                                                                             
Trenna                  141                                                                                                                                                                             
William                 206                                                                                                                                                                             

25 rows selected.

SQL> SELECT FIRST_NAME , EMPLOYEE_ID , START_DATE
  2  FROM EMPLOYEES
  3  FULL JOIN JOB_HISTORY USING (EMPLOYEE_ID)
  4  ORDER BY 3,NVL(FIRST_NAME,'z');

FIRST_NAME      EMPLOYEE_ID START_DAT                                                                                                                                                                   
--------------- ----------- ---------                                                                                                                                                                   
Jennifer                200 17-SEP-87                                                                                                                                                                   
Neena                   101 21-SEP-89                                                                                                                                                                   
Lex                     102 13-JAN-93                                                                                                                                                                   
Neena                   101 28-OCT-93                                                                                                                                                                   
Jennifer                200 01-JUL-94                                                                                                                                                                   
Michael                 201 17-FEB-96                                                                                                                                                                   
Jonathon                176 24-MAR-98                                                                                                                                                                   
                        114 24-MAR-98                                                                                                                                                                   
Jonathon                176 01-JAN-99                                                                                                                                                                   
                        122 01-JAN-99                                                                                                                                                                   
Alexander               103                                                                                                                                                                             
Bruce                   104                                                                                                                                                                             
Curtis                  142                                                                                                                                                                             
Diana                   107                                                                                                                                                                             
Eleni                   149                                                                                                                                                                             
Ellen                   174                                                                                                                                                                             
Kevin                   124                                                                                                                                                                             
Kimerely                178                                                                                                                                                                             
Pat                     202                                                                                                                                                                             
Peter                   144                                                                                                                                                                             
Randall                 143                                                                                                                                                                             

FIRST_NAME      EMPLOYEE_ID START_DAT                                                                                                                                                                   
--------------- ----------- ---------                                                                                                                                                                   
Shelley                 205                                                                                                                                                                             
Steven                  100                                                                                                                                                                             
Trenna                  141                                                                                                                                                                             
William                 206                                                                                                                                                                             

25 rows selected.

SQL> SELECT FIRST_NAME , EMPLOYEE_ID , START_DATE
  2  FROM EMPLOYEES
  3  FULL JOIN JOB_HISTORY USING (EMPLOYEE_ID)
  4  ORDER BY 3,1 NULLS FIRST;

FIRST_NAME      EMPLOYEE_ID START_DAT                                                                                                                                                                   
--------------- ----------- ---------                                                                                                                                                                   
Jennifer                200 17-SEP-87                                                                                                                                                                   
Neena                   101 21-SEP-89                                                                                                                                                                   
Lex                     102 13-JAN-93                                                                                                                                                                   
Neena                   101 28-OCT-93                                                                                                                                                                   
Jennifer                200 01-JUL-94                                                                                                                                                                   
Michael                 201 17-FEB-96                                                                                                                                                                   
                        114 24-MAR-98                                                                                                                                                                   
Jonathon                176 24-MAR-98                                                                                                                                                                   
                        122 01-JAN-99                                                                                                                                                                   
Jonathon                176 01-JAN-99                                                                                                                                                                   
Alexander               103                                                                                                                                                                             
Bruce                   104                                                                                                                                                                             
Curtis                  142                                                                                                                                                                             
Diana                   107                                                                                                                                                                             
Eleni                   149                                                                                                                                                                             
Ellen                   174                                                                                                                                                                             
Kevin                   124                                                                                                                                                                             
Kimerely                178                                                                                                                                                                             
Pat                     202                                                                                                                                                                             
Peter                   144                                                                                                                                                                             
Randall                 143                                                                                                                                                                             

FIRST_NAME      EMPLOYEE_ID START_DAT                                                                                                                                                                   
--------------- ----------- ---------                                                                                                                                                                   
Shelley                 205                                                                                                                                                                             
Steven                  100                                                                                                                                                                             
Trenna                  141                                                                                                                                                                             
William                 206                                                                                                                                                                             

25 rows selected.

SQL> SPOOL OFF
