SQL> 
SQL> REM BETWEEN : IS USED TO CHECK VALUE WITH RANGE OF VALUES.
SQL> 
SQL> REM SYNTAX : columnname BETWEEN lowervalue AND highervalue
SQL> 
SQL> REM SYNTAX : columnname NOT BETWEEN lowervalue AND highervalue
SQL> 
SQL> REM DISPLAY THOSE WHO GETS SALARY BETWEEN 6000 AND 11000
SQL> 
SQL> SELECT FIRST_NAME , SALARY FROM EMPLOYEES WHERE SALARY BETWEEN 6000 AND 11000 ORDER BY 2;

FIRST_NAME          SALARY                                                                                                                                                                              
--------------- ----------                                                                                                                                                                              
Bruce                 6000                                                                                                                                                                              
Pat                   6000                                                                                                                                                                              
Kimerely              7000                                                                                                                                                                              
William               8300                                                                                                                                                                              
Jonathon              8600                                                                                                                                                                              
Alexander             9000                                                                                                                                                                              
Eleni                10500                                                                                                                                                                              
Ellen                11000                                                                                                                                                                              

8 rows selected.

SQL> REM BETWEEN : INCLUDING LIMITS
SQL> 
SQL> REM NOT BETWEEN : EXCLUDING LIMITS
SQL> 
SQL> SELECT FIRST_NAME , SALARY FROM EMPLOYEES WHERE SALARY BETWEEN 6000 AND 6000 ORDER BY 2;

FIRST_NAME          SALARY                                                                                                                                                                              
--------------- ----------                                                                                                                                                                              
Pat                   6000                                                                                                                                                                              
Bruce                 6000                                                                                                                                                                              

SQL> SELECT FIRST_NAME , SALARY FROM EMPLOYEES WHERE SALARY BETWEEN 11000 AND 6000 ORDER BY 2;

no rows selected

SQL> REM DISPLAY ALL EXCEPT THOSE WHO GETS SALARY BETWEEN 4400 AND 7000
SQL> 
SQL> SELECT FIRST_NAME , SALARY FROM EMPLOYEES WHERE SALARY NOT BETWEEN 4400 AND 7000 ORDER BY 2;

FIRST_NAME          SALARY                                                                                                                                                                              
--------------- ----------                                                                                                                                                                              
Peter                 2500                                                                                                                                                                              
Randall               2600                                                                                                                                                                              
Curtis                3100                                                                                                                                                                              
Trenna                3500                                                                                                                                                                              
Diana                 4200                                                                                                                                                                              
William               8300                                                                                                                                                                              
Jonathon              8600                                                                                                                                                                              
Alexander             9000                                                                                                                                                                              
Eleni                10500                                                                                                                                                                              
Ellen                11000                                                                                                                                                                              
Shelley              12000                                                                                                                                                                              
Michael              13000                                                                                                                                                                              
Neena                17000                                                                                                                                                                              
Lex                  17000                                                                                                                                                                              
Steven               24000                                                                                                                                                                              

15 rows selected.

SQL> SELECT * FROM EMPLOYEES;

EMPLOYEE_ID FIRST_NAME      LAST_NAME       EMAIL      PHONE_NUMBER         HIRE_DATE JOB_ID         SALARY COMMISSION_PCT MANAGER_ID DEPARTMENT_ID                                                     
----------- --------------- --------------- ---------- -------------------- --------- ---------- ---------- -------------- ---------- -------------                                                     
        100 Steven          King            SKING      515.123.4567         17-JUL-87 AD_PRES         24000                                      90                                                     
        101 Neena           Kochhar         NKOCHHAR   515.123.4568         21-SEP-89 AD_VP           17000                       100            90                                                     
        102 Lex             De Haan         LDEHAAN    515.123.4569         13-JAN-93 AD_VP           17000                       100            90                                                     
        103 Alexander       Hunold          AHUNOLD    590.423.4567         03-JAN-90 IT_PROG          9000                       102            60                                                     
        104 Bruce           Ernst           BERNST     590.423.4568         21-MAY-91 IT_PROG          6000                       103            60                                                     
        107 Diana           Lorentz         DLORENTZ   590.423.5567         07-FEB-99 IT_PROG          4200                       103            60                                                     
        124 Kevin           Mourgos         KMOURGOS   650.123.5234         16-NOV-99 ST_MAN           5800                       100            50                                                     
        141 Trenna          Rajs            TRAJS      650.121.8009         17-OCT-95 ST_CLERK         3500                       124            50                                                     
        142 Curtis          Davies          CDAVIES    650.121.2994         29-JAN-97 ST_CLERK         3100                       124            50                                                     
        143 Randall         Matos           RMATOS     650.121.2874         15-MAR-98 ST_CLERK         2600                       124            50                                                     
        144 Peter           Vargas                     650.121.2004         09-JUL-98 ST_CLERK         2500                       124            50                                                     
        149 Eleni           Zlotkey         EZLOTKEY   011.44.1344.429018   29-JAN-00 SA_MAN          10500             .2        100            80                                                     
        174 Ellen           Abel            EABEL      011.44.1644.429267   11-MAY-96 SA_REP          11000             .3        149            80                                                     
        176 Jonathon        Taylor          JTAYLOR    011.44.1644.429265   24-MAR-98 SA_REP           8600             .3        149            80                                                     
        178 Kimerely        Grant           KGRANT     011.44.1644.429263   24-MAY-99 SA_REP           7000            .15        149                                                                   
        200 Jennifer        Whalen          JWHALEN    515.123.4444         17-SEP-87 AD_ASST          4400                       101            10                                                     
        201 Michael         Hartstein       MHARTSTE   515.123.5555         17-FEB-96 MK_MAN          13000                       100            20                                                     
        202 Pat             Fay             PFAY       603.123.6666         17-AUG-97 MK_REP           6000                       201            20                                                     
        205 Shelley         Higgins         SHIGGINS   515.123.8080         07-JUN-94 AC_MGR          12000                       101           110                                                     
        206 William         Gietz           WGIETZ     515.123.8181         07-JUN-94 AC_ACCOUNT       8300                       205           110                                                     

20 rows selected.

SQL> REM 1 DISPLAY THOSE WHO GETS SALARY IN THE RANGE OF 6000 AND 9500
SQL> 
SQL> REM 2 DISPLAY ALL EXCEPT THOSE WHO GETS SALARY BETWEEN 4200 AND 8600
SQL> 
SQL> REM 3 DISPLAY THOSE WHO WERE HIRED IN THE YEAR RANGE 95 TO 98
SQL> 
SQL> REM 4 DISPLAY ALL EXCEPT THOSE WHO WERE HIRED IN THE YEAR RANGE 94 TO 96
SQL> 
SQL> REM 5 DISPLAY THOSE WHOSE FIRST_NAME STARTS WITH ALPHABETS BETWEEN 'J' AND 'P'
SQL> 
SQL> 
SQL> 
SQL> REM 1 DISPLAY THOSE WHO GETS SALARY IN THE RANGE OF 6000 AND 9500
SQL> 
SQL> SELECT FIRST_NAME , SALARY FROM EMPLOYEES WHERE SALARY BETWEEN 6000 AND 9500 ORDER BY 2;

FIRST_NAME          SALARY                                                                                                                                                                              
--------------- ----------                                                                                                                                                                              
Pat                   6000                                                                                                                                                                              
Bruce                 6000                                                                                                                                                                              
Kimerely              7000                                                                                                                                                                              
William               8300                                                                                                                                                                              
Jonathon              8600                                                                                                                                                                              
Alexander             9000                                                                                                                                                                              

6 rows selected.

SQL> REM 2 DISPLAY ALL EXCEPT THOSE WHO GETS SALARY BETWEEN 4200 AND 8600
SQL> 
SQL> SELECT FIRST_NAME , SALARY FROM EMPLOYEES WHERE SALARY NOT BETWEEN 4200 AND 8600 ORDER BY 2;

FIRST_NAME          SALARY                                                                                                                                                                              
--------------- ----------                                                                                                                                                                              
Peter                 2500                                                                                                                                                                              
Randall               2600                                                                                                                                                                              
Curtis                3100                                                                                                                                                                              
Trenna                3500                                                                                                                                                                              
Alexander             9000                                                                                                                                                                              
Eleni                10500                                                                                                                                                                              
Ellen                11000                                                                                                                                                                              
Shelley              12000                                                                                                                                                                              
Michael              13000                                                                                                                                                                              
Neena                17000                                                                                                                                                                              
Lex                  17000                                                                                                                                                                              
Steven               24000                                                                                                                                                                              

12 rows selected.

SQL> REM 3 DISPLAY THOSE WHO WERE HIRED IN THE YEAR RANGE 95 TO 98
SQL> 
SQL> SELECT FIRST_NAME , HIRE_DATE FROM EMPLOYEES WHERE HIRE_DATE BETWEEN '01-JAN-95' AND '31-DEC-98' ORDER BY 2;

FIRST_NAME      HIRE_DATE                                                                                                                                                                               
--------------- ---------                                                                                                                                                                               
Trenna          17-OCT-95                                                                                                                                                                               
Michael         17-FEB-96                                                                                                                                                                               
Ellen           11-MAY-96                                                                                                                                                                               
Curtis          29-JAN-97                                                                                                                                                                               
Pat             17-AUG-97                                                                                                                                                                               
Randall         15-MAR-98                                                                                                                                                                               
Jonathon        24-MAR-98                                                                                                                                                                               
Peter           09-JUL-98                                                                                                                                                                               

8 rows selected.

SQL> REM 4 DISPLAY ALL EXCEPT THOSE WHO WERE HIRED IN THE YEAR RANGE 94 TO 96
SQL> 
SQL> SELECT FIRST_NAME FROM EMPLOYEES WHERE HIRE_DATE NOT BETWEEN '1JAN94' AND '31DEC96';

FIRST_NAME                                                                                                                                                                                              
---------------                                                                                                                                                                                         
Steven                                                                                                                                                                                                  
Neena                                                                                                                                                                                                   
Lex                                                                                                                                                                                                     
Alexander                                                                                                                                                                                               
Bruce                                                                                                                                                                                                   
Diana                                                                                                                                                                                                   
Kevin                                                                                                                                                                                                   
Curtis                                                                                                                                                                                                  
Randall                                                                                                                                                                                                 
Peter                                                                                                                                                                                                   
Eleni                                                                                                                                                                                                   
Jonathon                                                                                                                                                                                                
Kimerely                                                                                                                                                                                                
Jennifer                                                                                                                                                                                                
Pat                                                                                                                                                                                                     

15 rows selected.

SQL> SELECT FIRST_NAME , HIRE_DATE FROM EMPLOYEES WHERE HIRE_DATE NOT BETWEEN '1JAN94' AND '31DEC96';

FIRST_NAME      HIRE_DATE                                                                                                                                                                               
--------------- ---------                                                                                                                                                                               
Steven          17-JUL-87                                                                                                                                                                               
Neena           21-SEP-89                                                                                                                                                                               
Lex             13-JAN-93                                                                                                                                                                               
Alexander       03-JAN-90                                                                                                                                                                               
Bruce           21-MAY-91                                                                                                                                                                               
Diana           07-FEB-99                                                                                                                                                                               
Kevin           16-NOV-99                                                                                                                                                                               
Curtis          29-JAN-97                                                                                                                                                                               
Randall         15-MAR-98                                                                                                                                                                               
Peter           09-JUL-98                                                                                                                                                                               
Eleni           29-JAN-00                                                                                                                                                                               
Jonathon        24-MAR-98                                                                                                                                                                               
Kimerely        24-MAY-99                                                                                                                                                                               
Jennifer        17-SEP-87                                                                                                                                                                               
Pat             17-AUG-97                                                                                                                                                                               

15 rows selected.

SQL> SELECT FIRST_NAME , HIRE_DATE FROM EMPLOYEES WHERE HIRE_DATE NOT BETWEEN '1JAN94' AND '31DEC96' ORDER BY 2;

FIRST_NAME      HIRE_DATE                                                                                                                                                                               
--------------- ---------                                                                                                                                                                               
Steven          17-JUL-87                                                                                                                                                                               
Jennifer        17-SEP-87                                                                                                                                                                               
Neena           21-SEP-89                                                                                                                                                                               
Alexander       03-JAN-90                                                                                                                                                                               
Bruce           21-MAY-91                                                                                                                                                                               
Lex             13-JAN-93                                                                                                                                                                               
Curtis          29-JAN-97                                                                                                                                                                               
Pat             17-AUG-97                                                                                                                                                                               
Randall         15-MAR-98                                                                                                                                                                               
Jonathon        24-MAR-98                                                                                                                                                                               
Peter           09-JUL-98                                                                                                                                                                               
Diana           07-FEB-99                                                                                                                                                                               
Kimerely        24-MAY-99                                                                                                                                                                               
Kevin           16-NOV-99                                                                                                                                                                               
Eleni           29-JAN-00                                                                                                                                                                               

15 rows selected.

SQL> REM 5 DISPLAY THOSE WHOSE FIRST_NAME STARTS WITH ALPHABETS BETWEEN 'J' AND 'P'
SQL> 
SQL> SELECT FIRST_NAME FROM EMPLOYEES WHERE FIRST_NAME BETWEEN 'J' AND 'Pzz' ORDER BY 1;

FIRST_NAME                                                                                                                                                                                              
---------------                                                                                                                                                                                         
Jennifer                                                                                                                                                                                                
Jonathon                                                                                                                                                                                                
Kevin                                                                                                                                                                                                   
Kimerely                                                                                                                                                                                                
Lex                                                                                                                                                                                                     
Michael                                                                                                                                                                                                 
Neena                                                                                                                                                                                                   
Pat                                                                                                                                                                                                     
Peter                                                                                                                                                                                                   

9 rows selected.

SQL> SELECT * FROM EMPLOYEES;

EMPLOYEE_ID FIRST_NAME      LAST_NAME       EMAIL      PHONE_NUMBER         HIRE_DATE JOB_ID         SALARY COMMISSION_PCT MANAGER_ID DEPARTMENT_ID                                                     
----------- --------------- --------------- ---------- -------------------- --------- ---------- ---------- -------------- ---------- -------------                                                     
        100 Steven          King            SKING      515.123.4567         17-JUL-87 AD_PRES         24000                                      90                                                     
        101 Neena           Kochhar         NKOCHHAR   515.123.4568         21-SEP-89 AD_VP           17000                       100            90                                                     
        102 Lex             De Haan         LDEHAAN    515.123.4569         13-JAN-93 AD_VP           17000                       100            90                                                     
        103 Alexander       Hunold          AHUNOLD    590.423.4567         03-JAN-90 IT_PROG          9000                       102            60                                                     
        104 Bruce           Ernst           BERNST     590.423.4568         21-MAY-91 IT_PROG          6000                       103            60                                                     
        107 Diana           Lorentz         DLORENTZ   590.423.5567         07-FEB-99 IT_PROG          4200                       103            60                                                     
        124 Kevin           Mourgos         KMOURGOS   650.123.5234         16-NOV-99 ST_MAN           5800                       100            50                                                     
        141 Trenna          Rajs            TRAJS      650.121.8009         17-OCT-95 ST_CLERK         3500                       124            50                                                     
        142 Curtis          Davies          CDAVIES    650.121.2994         29-JAN-97 ST_CLERK         3100                       124            50                                                     
        143 Randall         Matos           RMATOS     650.121.2874         15-MAR-98 ST_CLERK         2600                       124            50                                                     
        144 Peter           Vargas                     650.121.2004         09-JUL-98 ST_CLERK         2500                       124            50                                                     
        149 Eleni           Zlotkey         EZLOTKEY   011.44.1344.429018   29-JAN-00 SA_MAN          10500             .2        100            80                                                     
        174 Ellen           Abel            EABEL      011.44.1644.429267   11-MAY-96 SA_REP          11000             .3        149            80                                                     
        176 Jonathon        Taylor          JTAYLOR    011.44.1644.429265   24-MAR-98 SA_REP           8600             .3        149            80                                                     
        178 Kimerely        Grant           KGRANT     011.44.1644.429263   24-MAY-99 SA_REP           7000            .15        149                                                                   
        200 Jennifer        Whalen          JWHALEN    515.123.4444         17-SEP-87 AD_ASST          4400                       101            10                                                     
        201 Michael         Hartstein       MHARTSTE   515.123.5555         17-FEB-96 MK_MAN          13000                       100            20                                                     
        202 Pat             Fay             PFAY       603.123.6666         17-AUG-97 MK_REP           6000                       201            20                                                     
        205 Shelley         Higgins         SHIGGINS   515.123.8080         07-JUN-94 AC_MGR          12000                       101           110                                                     
        206 William         Gietz           WGIETZ     515.123.8181         07-JUN-94 AC_ACCOUNT       8300                       205           110                                                     

20 rows selected.

SQL> REM 1 DISPLAY THOSE WHO WERE HIRED BETWEEN SECOND HALF OF YEAR 89 TO FIRST HALF OF YEAR 96
SQL> 
SQL> REM 2 DISPLAY THOSE WHO WERE HIRED BETWEEN THIRD QUARTER OF YEAR 87 TO SECOND QUARTER OF YEAR 98
SQL> 
SQL> 
SQL> REM 1 DISPLAY THOSE WHO WERE HIRED BETWEEN SECOND HALF OF YEAR 89 TO FIRST HALF OF YEAR 96
SQL> 
SQL> SELECT FIRST_NAME , HIRE_DATE FROM EMPLOYEES WHERE HIRE_DATE BETWEEN '01-JUL-89' AND '30-JUN-96' ORDER BY2;
SELECT FIRST_NAME , HIRE_DATE FROM EMPLOYEES WHERE HIRE_DATE BETWEEN '01-JUL-89' AND '30-JUN-96' ORDER BY2
                                                                                                       *
ERROR at line 1:
ORA-00924: missing BY keyword 


SQL> SELECT FIRST_NAME , HIRE_DATE FROM EMPLOYEES WHERE HIRE_DATE BETWEEN '01-JUL-89' AND '30-JUN-96' ORDER BY 2;

FIRST_NAME      HIRE_DATE                                                                                                                                                                               
--------------- ---------                                                                                                                                                                               
Neena           21-SEP-89                                                                                                                                                                               
Alexander       03-JAN-90                                                                                                                                                                               
Bruce           21-MAY-91                                                                                                                                                                               
Lex             13-JAN-93                                                                                                                                                                               
William         07-JUN-94                                                                                                                                                                               
Shelley         07-JUN-94                                                                                                                                                                               
Trenna          17-OCT-95                                                                                                                                                                               
Michael         17-FEB-96                                                                                                                                                                               
Ellen           11-MAY-96                                                                                                                                                                               

9 rows selected.

SQL> REM 2 DISPLAY THOSE WHO WERE HIRED BETWEEN THIRD QUARTER OF YEAR 87 TO SECOND QUARTER OF YEAR 98
SQL> 
SQL> SELECT FIRST_NAME , HIRE_DATE FROM EMPLOYEES WHERE HIRE_DATE BETWEEN '01-JUL-87' AND '30-JUN-98' ORDER BY 2;

FIRST_NAME      HIRE_DATE                                                                                                                                                                               
--------------- ---------                                                                                                                                                                               
Steven          17-JUL-87                                                                                                                                                                               
Jennifer        17-SEP-87                                                                                                                                                                               
Neena           21-SEP-89                                                                                                                                                                               
Alexander       03-JAN-90                                                                                                                                                                               
Bruce           21-MAY-91                                                                                                                                                                               
Lex             13-JAN-93                                                                                                                                                                               
Shelley         07-JUN-94                                                                                                                                                                               
William         07-JUN-94                                                                                                                                                                               
Trenna          17-OCT-95                                                                                                                                                                               
Michael         17-FEB-96                                                                                                                                                                               
Ellen           11-MAY-96                                                                                                                                                                               
Curtis          29-JAN-97                                                                                                                                                                               
Pat             17-AUG-97                                                                                                                                                                               
Randall         15-MAR-98                                                                                                                                                                               
Jonathon        24-MAR-98                                                                                                                                                                               

15 rows selected.

SQL> SELECT FIRST_NAME FROM EMPLOYEES ORDER BY 1;

FIRST_NAME                                                                                                                                                                                              
---------------                                                                                                                                                                                         
Alexander                                                                                                                                                                                               
Bruce                                                                                                                                                                                                   
Curtis                                                                                                                                                                                                  
Diana                                                                                                                                                                                                   
Eleni                                                                                                                                                                                                   
Ellen                                                                                                                                                                                                   
Jennifer                                                                                                                                                                                                
Jonathon                                                                                                                                                                                                
Kevin                                                                                                                                                                                                   
Kimerely                                                                                                                                                                                                
Lex                                                                                                                                                                                                     
Michael                                                                                                                                                                                                 
Neena                                                                                                                                                                                                   
Pat                                                                                                                                                                                                     
Peter                                                                                                                                                                                                   
Randall                                                                                                                                                                                                 
Shelley                                                                                                                                                                                                 
Steven                                                                                                                                                                                                  
Trenna                                                                                                                                                                                                  
William                                                                                                                                                                                                 

20 rows selected.

SQL> SELECT FIRST_NAME FROM EMPLOYEES WHERE FIRST_NAME BETWEEN 'Jo' AND 'Pe' ORDER BY 1;

FIRST_NAME                                                                                                                                                                                              
---------------                                                                                                                                                                                         
Jonathon                                                                                                                                                                                                
Kevin                                                                                                                                                                                                   
Kimerely                                                                                                                                                                                                
Lex                                                                                                                                                                                                     
Michael                                                                                                                                                                                                 
Neena                                                                                                                                                                                                   
Pat                                                                                                                                                                                                     

7 rows selected.

SQL> SELECT LAST_NAME FROM EMPLOYEES ORDER BY 1;

LAST_NAME                                                                                                                                                                                               
---------------                                                                                                                                                                                         
Abel                                                                                                                                                                                                    
Davies                                                                                                                                                                                                  
De Haan                                                                                                                                                                                                 
Ernst                                                                                                                                                                                                   
Fay                                                                                                                                                                                                     
Gietz                                                                                                                                                                                                   
Grant                                                                                                                                                                                                   
Hartstein                                                                                                                                                                                               
Higgins                                                                                                                                                                                                 
Hunold                                                                                                                                                                                                  
King                                                                                                                                                                                                    
Kochhar                                                                                                                                                                                                 
Lorentz                                                                                                                                                                                                 
Matos                                                                                                                                                                                                   
Mourgos                                                                                                                                                                                                 
Rajs                                                                                                                                                                                                    
Taylor                                                                                                                                                                                                  
Vargas                                                                                                                                                                                                  
Whalen                                                                                                                                                                                                  
Zlotkey                                                                                                                                                                                                 

20 rows selected.

SQL> SELECT LAST_NAME FROM EMPLOYEES WHERE LAST_NAME BETWEEN 'Go' AND 'Mo' ORDER BY 1;

LAST_NAME                                                                                                                                                                                               
---------------                                                                                                                                                                                         
Grant                                                                                                                                                                                                   
Hartstein                                                                                                                                                                                               
Higgins                                                                                                                                                                                                 
Hunold                                                                                                                                                                                                  
King                                                                                                                                                                                                    
Kochhar                                                                                                                                                                                                 
Lorentz                                                                                                                                                                                                 
Matos                                                                                                                                                                                                   

8 rows selected.

SQL> REM LIKE : FOR PATTERN MATCHING
SQL> 
SQL> REM LIKE SUPPORTS TWO WILD CARD CHRACTERS : _ %
SQL> 
SQL> REM _ IS USED FOR SINGLE CHARACTER
SQL> 
SQL> REM % IS USED FOR ZERO OR MORE CHARACTERS
SQL> 
SQL> 
SQL> 
SQL> REM TWO TYPES OF QUESTIONS CAN BE SOLVED USING LIKE :
SQL> 
SQL> REM 1 USING ONLY WILD CARD CHARACTERS IN COMPARISON STRING
SQL> 
SQL> REM 2 USING EXTRA/OTHER CHARACTERS WITH WILD CARD CHARACTERS IN COMPARISON STRING
SQL> 
SQL> 
SQL> REM 1 USING ONLY WILD CARD CHARACTERS IN COMPARISON STRING
SQL> 
SQL> REM 1 DISPLAY THOSE FIRST_NAME WHICH HAS 6 CHARACTER SPELLING
SQL> 
SQL> SELECT FIRST_NAME FROM EMPLOYEES WHERE FIRST_NAME LIKE '______';

FIRST_NAME                                                                                                                                                                                              
---------------                                                                                                                                                                                         
Steven                                                                                                                                                                                                  
Trenna                                                                                                                                                                                                  
Curtis                                                                                                                                                                                                  

SQL> REM 2 DISPLAY ALL EXCEPT THOSE FIRST_NAME WHICH HAS 6 CHARACTER SPELLING
SQL> 
SQL> SELECT FIRST_NAME FROM EMPLOYEES WHERE FIRST_NAME NOT LIKE '______';

FIRST_NAME                                                                                                                                                                                              
---------------                                                                                                                                                                                         
Neena                                                                                                                                                                                                   
Lex                                                                                                                                                                                                     
Alexander                                                                                                                                                                                               
Bruce                                                                                                                                                                                                   
Diana                                                                                                                                                                                                   
Kevin                                                                                                                                                                                                   
Randall                                                                                                                                                                                                 
Peter                                                                                                                                                                                                   
Eleni                                                                                                                                                                                                   
Ellen                                                                                                                                                                                                   
Jonathon                                                                                                                                                                                                
Kimerely                                                                                                                                                                                                
Jennifer                                                                                                                                                                                                
Michael                                                                                                                                                                                                 
Pat                                                                                                                                                                                                     
Shelley                                                                                                                                                                                                 
William                                                                                                                                                                                                 

17 rows selected.

SQL> REM 2 DISPLAY THOSE FIRST_NAME WHICH HAS 6 OR MORE CHARACTERS IN SPELLING
SQL> 
SQL> SELECT FIRST_NAME FROM EMPLOYEES WHERE FIRST_NAME LIKE '______%';

FIRST_NAME                                                                                                                                                                                              
---------------                                                                                                                                                                                         
Steven                                                                                                                                                                                                  
Alexander                                                                                                                                                                                               
Trenna                                                                                                                                                                                                  
Curtis                                                                                                                                                                                                  
Randall                                                                                                                                                                                                 
Jonathon                                                                                                                                                                                                
Kimerely                                                                                                                                                                                                
Jennifer                                                                                                                                                                                                
Michael                                                                                                                                                                                                 
Shelley                                                                                                                                                                                                 
William                                                                                                                                                                                                 

11 rows selected.

SQL> REM 4 DISPLAY THOSE FIRST_NAME WHICH HAS 6 OR LESS CHARACTERS IN SPELLING
SQL> 
SQL> SELECT FIRST_NAME FROM EMPLOYEES WHERE FIRST_NAME LIKE '______';

FIRST_NAME                                                                                                                                                                                              
---------------                                                                                                                                                                                         
Steven                                                                                                                                                                                                  
Trenna                                                                                                                                                                                                  
Curtis                                                                                                                                                                                                  

SQL> SELECT FIRST_NAME FROM EMPLOYEES WHERE FIRST_NAME LIKE '_______';

FIRST_NAME                                                                                                                                                                                              
---------------                                                                                                                                                                                         
Randall                                                                                                                                                                                                 
Michael                                                                                                                                                                                                 
Shelley                                                                                                                                                                                                 
William                                                                                                                                                                                                 

SQL> SELECT FIRST_NAME FROM EMPLOYEES WHERE FIRST_NAME LIKE '_______%';

FIRST_NAME                                                                                                                                                                                              
---------------                                                                                                                                                                                         
Alexander                                                                                                                                                                                               
Randall                                                                                                                                                                                                 
Jonathon                                                                                                                                                                                                
Kimerely                                                                                                                                                                                                
Jennifer                                                                                                                                                                                                
Michael                                                                                                                                                                                                 
Shelley                                                                                                                                                                                                 
William                                                                                                                                                                                                 

8 rows selected.

SQL> SELECT FIRST_NAME FROM EMPLOYEES WHERE FIRST_NAME NOT LIKE '_______%';

FIRST_NAME                                                                                                                                                                                              
---------------                                                                                                                                                                                         
Steven                                                                                                                                                                                                  
Neena                                                                                                                                                                                                   
Lex                                                                                                                                                                                                     
Bruce                                                                                                                                                                                                   
Diana                                                                                                                                                                                                   
Kevin                                                                                                                                                                                                   
Trenna                                                                                                                                                                                                  
Curtis                                                                                                                                                                                                  
Peter                                                                                                                                                                                                   
Eleni                                                                                                                                                                                                   
Ellen                                                                                                                                                                                                   
Pat                                                                                                                                                                                                     

12 rows selected.

SQL> SELECT * FROM EMPLOYEE;
SELECT * FROM EMPLOYEE
              *
ERROR at line 1:
ORA-00942: table or view does not exist 


SQL> SELECT * FROM EMPLOYEES;

EMPLOYEE_ID FIRST_NAME      LAST_NAME       EMAIL      PHONE_NUMBER         HIRE_DATE JOB_ID         SALARY COMMISSION_PCT MANAGER_ID DEPARTMENT_ID                                                     
----------- --------------- --------------- ---------- -------------------- --------- ---------- ---------- -------------- ---------- -------------                                                     
        100 Steven          King            SKING      515.123.4567         17-JUL-87 AD_PRES         24000                                      90                                                     
        101 Neena           Kochhar         NKOCHHAR   515.123.4568         21-SEP-89 AD_VP           17000                       100            90                                                     
        102 Lex             De Haan         LDEHAAN    515.123.4569         13-JAN-93 AD_VP           17000                       100            90                                                     
        103 Alexander       Hunold          AHUNOLD    590.423.4567         03-JAN-90 IT_PROG          9000                       102            60                                                     
        104 Bruce           Ernst           BERNST     590.423.4568         21-MAY-91 IT_PROG          6000                       103            60                                                     
        107 Diana           Lorentz         DLORENTZ   590.423.5567         07-FEB-99 IT_PROG          4200                       103            60                                                     
        124 Kevin           Mourgos         KMOURGOS   650.123.5234         16-NOV-99 ST_MAN           5800                       100            50                                                     
        141 Trenna          Rajs            TRAJS      650.121.8009         17-OCT-95 ST_CLERK         3500                       124            50                                                     
        142 Curtis          Davies          CDAVIES    650.121.2994         29-JAN-97 ST_CLERK         3100                       124            50                                                     
        143 Randall         Matos           RMATOS     650.121.2874         15-MAR-98 ST_CLERK         2600                       124            50                                                     
        144 Peter           Vargas                     650.121.2004         09-JUL-98 ST_CLERK         2500                       124            50                                                     
        149 Eleni           Zlotkey         EZLOTKEY   011.44.1344.429018   29-JAN-00 SA_MAN          10500             .2        100            80                                                     
        174 Ellen           Abel            EABEL      011.44.1644.429267   11-MAY-96 SA_REP          11000             .3        149            80                                                     
        176 Jonathon        Taylor          JTAYLOR    011.44.1644.429265   24-MAR-98 SA_REP           8600             .3        149            80                                                     
        178 Kimerely        Grant           KGRANT     011.44.1644.429263   24-MAY-99 SA_REP           7000            .15        149                                                                   
        200 Jennifer        Whalen          JWHALEN    515.123.4444         17-SEP-87 AD_ASST          4400                       101            10                                                     
        201 Michael         Hartstein       MHARTSTE   515.123.5555         17-FEB-96 MK_MAN          13000                       100            20                                                     
        202 Pat             Fay             PFAY       603.123.6666         17-AUG-97 MK_REP           6000                       201            20                                                     
        205 Shelley         Higgins         SHIGGINS   515.123.8080         07-JUN-94 AC_MGR          12000                       101           110                                                     
        206 William         Gietz           WGIETZ     515.123.8181         07-JUN-94 AC_ACCOUNT       8300                       205           110                                                     

20 rows selected.

SQL> REM 1 DISPLAY THOSE WHO GETS SALARY IN 5 FIGURES
SQL> 
SQL> REM 2 DISPLAY ALL EXCEPT THOSE EMAIL WHOSE SPELLING IS OF 6 CHARACTERS
SQL> 
SQL> REM 3 DISPLAY THOSE LAST_NAME WHICH HAS 7 OR MORE CHARACTERS
SQL> 
SQL> REM 4 DISPLAY THOSE JOB_ID WHICH HAS 7 OR LESS CHARCTERS
SQL> 
SQL> 
SQL> 
SQL> 
SQL> REM 1 DISPLAY THOSE WHO GETS SALARY IN 5 FIGURES
SQL> 
SQL> SELECT FIRST_NAME , SALARY FROM EMPLOYEES WHERE SALARY LIKE '_____';

FIRST_NAME          SALARY                                                                                                                                                                              
--------------- ----------                                                                                                                                                                              
Steven               24000                                                                                                                                                                              
Neena                17000                                                                                                                                                                              
Lex                  17000                                                                                                                                                                              
Eleni                10500                                                                                                                                                                              
Ellen                11000                                                                                                                                                                              
Michael              13000                                                                                                                                                                              
Shelley              12000                                                                                                                                                                              

7 rows selected.

SQL> REM 2 DISPLAY ALL EXCEPT THOSE EMAIL WHOSE SPELLING IS OF 6 CHARACTERS
SQL> 
SQL> SELECT FIRST_NAME , EMAIL FROM EMPLOYEES WHERE EMAIL NOT LIKE '______';

FIRST_NAME      EMAIL                                                                                                                                                                                   
--------------- ----------                                                                                                                                                                              
Alexander       AHUNOLD                                                                                                                                                                                 
Curtis          CDAVIES                                                                                                                                                                                 
Diana           DLORENTZ                                                                                                                                                                                
Ellen           EABEL                                                                                                                                                                                   
Eleni           EZLOTKEY                                                                                                                                                                                
Jonathon        JTAYLOR                                                                                                                                                                                 
Jennifer        JWHALEN                                                                                                                                                                                 
Kevin           KMOURGOS                                                                                                                                                                                
Lex             LDEHAAN                                                                                                                                                                                 
Michael         MHARTSTE                                                                                                                                                                                
Neena           NKOCHHAR                                                                                                                                                                                
Pat             PFAY                                                                                                                                                                                    
Shelley         SHIGGINS                                                                                                                                                                                
Steven          SKING                                                                                                                                                                                   
Trenna          TRAJS                                                                                                                                                                                   

15 rows selected.

SQL> REM 3 DISPLAY THOSE LAST_NAME WHICH HAS 7 OR MORE CHARACTERS
SQL> 
SQL> SELECT LAST_NAME FROM EMPLOYEES WHERE LAST_NAME LIKE '_______%';

LAST_NAME                                                                                                                                                                                               
---------------                                                                                                                                                                                         
Kochhar                                                                                                                                                                                                 
De Haan                                                                                                                                                                                                 
Lorentz                                                                                                                                                                                                 
Mourgos                                                                                                                                                                                                 
Zlotkey                                                                                                                                                                                                 
Hartstein                                                                                                                                                                                               
Higgins                                                                                                                                                                                                 

7 rows selected.

SQL> REM 4 DISPLAY THOSE JOB_ID WHICH HAS 7 OR LESS CHARCTERS
SQL> 
SQL> SELECT FIRST_NAME , JOB_ID FROM EMPLOYEES WHERE JOB_ID NOT LIKE '________%';

FIRST_NAME      JOB_ID                                                                                                                                                                                  
--------------- ----------                                                                                                                                                                              
Steven          AD_PRES                                                                                                                                                                                 
Neena           AD_VP                                                                                                                                                                                   
Lex             AD_VP                                                                                                                                                                                   
Alexander       IT_PROG                                                                                                                                                                                 
Bruce           IT_PROG                                                                                                                                                                                 
Diana           IT_PROG                                                                                                                                                                                 
Kevin           ST_MAN                                                                                                                                                                                  
Eleni           SA_MAN                                                                                                                                                                                  
Ellen           SA_REP                                                                                                                                                                                  
Jonathon        SA_REP                                                                                                                                                                                  
Kimerely        SA_REP                                                                                                                                                                                  
Jennifer        AD_ASST                                                                                                                                                                                 
Michael         MK_MAN                                                                                                                                                                                  
Pat             MK_REP                                                                                                                                                                                  
Shelley         AC_MGR                                                                                                                                                                                  

15 rows selected.

SQL> REM 2 USING EXTRA/OTHER CHARACTERS WITH WILD CARD CHARACTERS IN COMPARISON STRING
SQL> 
SQL> SELECT * FROM EMPLOYEES;

EMPLOYEE_ID FIRST_NAME      LAST_NAME       EMAIL      PHONE_NUMBER         HIRE_DATE JOB_ID         SALARY COMMISSION_PCT MANAGER_ID DEPARTMENT_ID                                                     
----------- --------------- --------------- ---------- -------------------- --------- ---------- ---------- -------------- ---------- -------------                                                     
        100 Steven          King            SKING      515.123.4567         17-JUL-87 AD_PRES         24000                                      90                                                     
        101 Neena           Kochhar         NKOCHHAR   515.123.4568         21-SEP-89 AD_VP           17000                       100            90                                                     
        102 Lex             De Haan         LDEHAAN    515.123.4569         13-JAN-93 AD_VP           17000                       100            90                                                     
        103 Alexander       Hunold          AHUNOLD    590.423.4567         03-JAN-90 IT_PROG          9000                       102            60                                                     
        104 Bruce           Ernst           BERNST     590.423.4568         21-MAY-91 IT_PROG          6000                       103            60                                                     
        107 Diana           Lorentz         DLORENTZ   590.423.5567         07-FEB-99 IT_PROG          4200                       103            60                                                     
        124 Kevin           Mourgos         KMOURGOS   650.123.5234         16-NOV-99 ST_MAN           5800                       100            50                                                     
        141 Trenna          Rajs            TRAJS      650.121.8009         17-OCT-95 ST_CLERK         3500                       124            50                                                     
        142 Curtis          Davies          CDAVIES    650.121.2994         29-JAN-97 ST_CLERK         3100                       124            50                                                     
        143 Randall         Matos           RMATOS     650.121.2874         15-MAR-98 ST_CLERK         2600                       124            50                                                     
        144 Peter           Vargas                     650.121.2004         09-JUL-98 ST_CLERK         2500                       124            50                                                     
        149 Eleni           Zlotkey         EZLOTKEY   011.44.1344.429018   29-JAN-00 SA_MAN          10500             .2        100            80                                                     
        174 Ellen           Abel            EABEL      011.44.1644.429267   11-MAY-96 SA_REP          11000             .3        149            80                                                     
        176 Jonathon        Taylor          JTAYLOR    011.44.1644.429265   24-MAR-98 SA_REP           8600             .3        149            80                                                     
        178 Kimerely        Grant           KGRANT     011.44.1644.429263   24-MAY-99 SA_REP           7000            .15        149                                                                   
        200 Jennifer        Whalen          JWHALEN    515.123.4444         17-SEP-87 AD_ASST          4400                       101            10                                                     
        201 Michael         Hartstein       MHARTSTE   515.123.5555         17-FEB-96 MK_MAN          13000                       100            20                                                     
        202 Pat             Fay             PFAY       603.123.6666         17-AUG-97 MK_REP           6000                       201            20                                                     
        205 Shelley         Higgins         SHIGGINS   515.123.8080         07-JUN-94 AC_MGR          12000                       101           110                                                     
        206 William         Gietz           WGIETZ     515.123.8181         07-JUN-94 AC_ACCOUNT       8300                       205           110                                                     

20 rows selected.

SQL> REM DISPLAY THOSE FIRST_NAME WHICH STARTS WITH 'J'
SQL> 
SQL> REM WHEN WE USE EXTRA CHARACTERS IN COMPARISON, THEIR POSITION IN COMPARISON STRING MATTERS MOST.
SQL> 
SQL> SELECT FIRST_NAME FROM EMPLOYEES WHERE FIRST_NAME LIKE 'J%';

FIRST_NAME                                                                                                                                                                                              
---------------                                                                                                                                                                                         
Jonathon                                                                                                                                                                                                
Jennifer                                                                                                                                                                                                

SQL> REM DISPLAY THOSE FIRST_NAME WHICH STARTS WITH 'P' AND HAS LENGHT OF 3 CHARACTERS.
SQL> 
SQL> SELECT FIRST_NAME FROM EMPLOYEES WHERE FIRST_NAME LIKE 'P__';

FIRST_NAME                                                                                                                                                                                              
---------------                                                                                                                                                                                         
Pat                                                                                                                                                                                                     

SQL> REM DISPLAY THOSE LAST-NAME WHICH ENDS WITH n
SQL> 
SQL> SELECT LAST_NAME FROM EMPLOYEES WHERE LAST_NAME LIKE '%n';

LAST_NAME                                                                                                                                                                                               
---------------                                                                                                                                                                                         
De Haan                                                                                                                                                                                                 
Whalen                                                                                                                                                                                                  
Hartstein                                                                                                                                                                                               

SQL> REM DISPLAY THOSE FIRST_NAME WHICH HAS SECOND LAST CHARACTER 'e'
SQL> 
SQL> SELECT FIRST_NAME FROM EMPLOYEES WHERE FIRST_NAME LIKE '%e_';

FIRST_NAME                                                                                                                                                                                              
---------------                                                                                                                                                                                         
Steven                                                                                                                                                                                                  
Lex                                                                                                                                                                                                     
Alexander                                                                                                                                                                                               
Peter                                                                                                                                                                                                   
Ellen                                                                                                                                                                                                   
Jennifer                                                                                                                                                                                                
Michael                                                                                                                                                                                                 
Shelley                                                                                                                                                                                                 

8 rows selected.

SQL> SELECT FIRST_NAME FROM EMPLOYEES;

FIRST_NAME                                                                                                                                                                                              
---------------                                                                                                                                                                                         
Steven                                                                                                                                                                                                  
Neena                                                                                                                                                                                                   
Lex                                                                                                                                                                                                     
Alexander                                                                                                                                                                                               
Bruce                                                                                                                                                                                                   
Diana                                                                                                                                                                                                   
Kevin                                                                                                                                                                                                   
Trenna                                                                                                                                                                                                  
Curtis                                                                                                                                                                                                  
Randall                                                                                                                                                                                                 
Peter                                                                                                                                                                                                   
Eleni                                                                                                                                                                                                   
Ellen                                                                                                                                                                                                   
Jonathon                                                                                                                                                                                                
Kimerely                                                                                                                                                                                                
Jennifer                                                                                                                                                                                                
Michael                                                                                                                                                                                                 
Pat                                                                                                                                                                                                     
Shelley                                                                                                                                                                                                 
William                                                                                                                                                                                                 

20 rows selected.

SQL> SELECT FIRST_NAME , LAST_NAME FROM EMPLOYEES;

FIRST_NAME      LAST_NAME                                                                                                                                                                               
--------------- ---------------                                                                                                                                                                         
Steven          King                                                                                                                                                                                    
Neena           Kochhar                                                                                                                                                                                 
Lex             De Haan                                                                                                                                                                                 
Alexander       Hunold                                                                                                                                                                                  
Bruce           Ernst                                                                                                                                                                                   
Diana           Lorentz                                                                                                                                                                                 
Kevin           Mourgos                                                                                                                                                                                 
Trenna          Rajs                                                                                                                                                                                    
Curtis          Davies                                                                                                                                                                                  
Randall         Matos                                                                                                                                                                                   
Peter           Vargas                                                                                                                                                                                  
Eleni           Zlotkey                                                                                                                                                                                 
Ellen           Abel                                                                                                                                                                                    
Jonathon        Taylor                                                                                                                                                                                  
Kimerely        Grant                                                                                                                                                                                   
Jennifer        Whalen                                                                                                                                                                                  
Michael         Hartstein                                                                                                                                                                               
Pat             Fay                                                                                                                                                                                     
Shelley         Higgins                                                                                                                                                                                 
William         Gietz                                                                                                                                                                                   

20 rows selected.

SQL> REM 1 DISPLAY THOSE FIRST_NAME WHICH HAS 2 SUCCESSIVE/BACK TO BACK l
SQL> 
SQL> REM 2 DISPLAY THOSE FIRST_NAME WHICH ENDS WITH a
SQL> 
SQL> REM 3 DISPLAY THOSE LAST_NAME WHICH HAS a AS THIRD ALPHABET
SQL> 
SQL> REM 4 DISPLAY THOSE LAST_NAME WHICH CONTAINS in
SQL> 
SQL> REM 5 DISPLAY THOSE FIRST_NAME WHICH HAS e APHABET TWO TIMES (SUCCESSIVE/SCATTERED)
SQL> 
SQL> SELECT FIRST_NAME FROM EMPLOYEES WHERE FIRST_NAME LIKE '%ll%';

FIRST_NAME                                                                                                                                                                                              
---------------                                                                                                                                                                                         
Randall                                                                                                                                                                                                 
Ellen                                                                                                                                                                                                   
Shelley                                                                                                                                                                                                 
William                                                                                                                                                                                                 

SQL> 
SQL> SELECT FIRST_NAME FROM EMPLOYEES WHERE FIRST_NAME LIKE '%a';

FIRST_NAME                                                                                                                                                                                              
---------------                                                                                                                                                                                         
Neena                                                                                                                                                                                                   
Diana                                                                                                                                                                                                   
Trenna                                                                                                                                                                                                  

SQL> 
SQL> SELECT LAST_NAME FROM EMPLOYEES WHERE LAST_NAME LIKE '__a%';

LAST_NAME                                                                                                                                                                                               
---------------                                                                                                                                                                                         
Grant                                                                                                                                                                                                   
Whalen                                                                                                                                                                                                  

SQL> 
SQL> SELECT LAST_NAME FROM EMPLOYEES WHERE LAST_NAME LIKE '%in%';

LAST_NAME                                                                                                                                                                                               
---------------                                                                                                                                                                                         
King                                                                                                                                                                                                    
Hartstein                                                                                                                                                                                               
Higgins                                                                                                                                                                                                 

SQL> 
SQL> SELECT FIRST_NAME FROM EMPLOYEES WHERE FIRST_NAME LIKE '%e%e%';

FIRST_NAME                                                                                                                                                                                              
---------------                                                                                                                                                                                         
Steven                                                                                                                                                                                                  
Neena                                                                                                                                                                                                   
Alexander                                                                                                                                                                                               
Peter                                                                                                                                                                                                   
Kimerely                                                                                                                                                                                                
Jennifer                                                                                                                                                                                                
Shelley                                                                                                                                                                                                 

7 rows selected.

SQL> REM HIRE_DATE , ESCAPE
SQL> 
SQL> REM IS NULL
SQL> 
SQL> REM LOGICAL OPERATORS
SQL> 
SQL> SPOOL OFF
