SQL> 
SQL> REM COMPANY DECLARES +1500 INCREMENT FOR ALL
SQL> 
SQL> SELECT FIRST_NAME , SALARY , SALARY + 1500 NEW_SALARY FROM EMPLOYEES;

FIRST_NAME          SALARY NEW_SALARY                                                                                                                                                                                                                                                                                                                                                                                                                                                                               
--------------- ---------- ----------                                                                                                                                                                                                                                                                                                                                                                                                                                                                               
Steven               24000      25500                                                                                                                                                                                                                                                                                                                                                                                                                                                                               
Neena                17000      18500                                                                                                                                                                                                                                                                                                                                                                                                                                                                               
Lex                  17000      18500                                                                                                                                                                                                                                                                                                                                                                                                                                                                               
Alexander             9000      10500                                                                                                                                                                                                                                                                                                                                                                                                                                                                               
Bruce                 6000       7500                                                                                                                                                                                                                                                                                                                                                                                                                                                                               
Diana                 4200       5700                                                                                                                                                                                                                                                                                                                                                                                                                                                                               
Kevin                 5800       7300                                                                                                                                                                                                                                                                                                                                                                                                                                                                               
Trenna                3500       5000                                                                                                                                                                                                                                                                                                                                                                                                                                                                               
Curtis                3100       4600                                                                                                                                                                                                                                                                                                                                                                                                                                                                               
Randall               2600       4100                                                                                                                                                                                                                                                                                                                                                                                                                                                                               
Peter                 2500       4000                                                                                                                                                                                                                                                                                                                                                                                                                                                                               
Eleni                10500      12000                                                                                                                                                                                                                                                                                                                                                                                                                                                                               
Ellen                11000      12500                                                                                                                                                                                                                                                                                                                                                                                                                                                                               
Jonathon              8600      10100                                                                                                                                                                                                                                                                                                                                                                                                                                                                               
Kimerely              7000       8500                                                                                                                                                                                                                                                                                                                                                                                                                                                                               
Jennifer              4400       5900                                                                                                                                                                                                                                                                                                                                                                                                                                                                               
Michael              13000      14500                                                                                                                                                                                                                                                                                                                                                                                                                                                                               
Pat                   6000       7500                                                                                                                                                                                                                                                                                                                                                                                                                                                                               
Shelley              12000      13500                                                                                                                                                                                                                                                                                                                                                                                                                                                                               
William               8300       9800                                                                                                                                                                                                                                                                                                                                                                                                                                                                               

20 rows selected.

SQL> REM COMPANY DECLARES INCREMENT BASED ON DEPARTMENT_ID : 20 +1000 , 50 +1500 , 80 +2000 , REMAINING +750
SQL> 
SQL> SELECT FIRST_NAME , DEPARTMENT_ID , SALARY ,
  2  DECODE ( DEPARTMENT_ID , 20 , SALARY + 1000
  3                         , 50 , SALARY + 1500
  4                         , 80 , SALARY + 2000 , SALARY + 750) NEW_SALARY
  5  FROM EMPLOYEES
  6  ORDER BY 2;

FIRST_NAME      DEPARTMENT_ID     SALARY NEW_SALARY                                                                                                                                                                                                                                                                                                                                                                                                                                                                 
--------------- ------------- ---------- ----------                                                                                                                                                                                                                                                                                                                                                                                                                                                                 
Jennifer                   10       4400       5150                                                                                                                                                                                                                                                                                                                                                                                                                                                                 
Michael                    20      13000      14000                                                                                                                                                                                                                                                                                                                                                                                                                                                                 
Pat                        20       6000       7000                                                                                                                                                                                                                                                                                                                                                                                                                                                                 
Kevin                      50       5800       7300                                                                                                                                                                                                                                                                                                                                                                                                                                                                 
Peter                      50       2500       4000                                                                                                                                                                                                                                                                                                                                                                                                                                                                 
Randall                    50       2600       4100                                                                                                                                                                                                                                                                                                                                                                                                                                                                 
Curtis                     50       3100       4600                                                                                                                                                                                                                                                                                                                                                                                                                                                                 
Trenna                     50       3500       5000                                                                                                                                                                                                                                                                                                                                                                                                                                                                 
Diana                      60       4200       4950                                                                                                                                                                                                                                                                                                                                                                                                                                                                 
Bruce                      60       6000       6750                                                                                                                                                                                                                                                                                                                                                                                                                                                                 
Alexander                  60       9000       9750                                                                                                                                                                                                                                                                                                                                                                                                                                                                 
Ellen                      80      11000      13000                                                                                                                                                                                                                                                                                                                                                                                                                                                                 
Eleni                      80      10500      12500                                                                                                                                                                                                                                                                                                                                                                                                                                                                 
Jonathon                   80       8600      10600                                                                                                                                                                                                                                                                                                                                                                                                                                                                 
Lex                        90      17000      17750                                                                                                                                                                                                                                                                                                                                                                                                                                                                 
Steven                     90      24000      24750                                                                                                                                                                                                                                                                                                                                                                                                                                                                 
Neena                      90      17000      17750                                                                                                                                                                                                                                                                                                                                                                                                                                                                 
William                   110       8300       9050                                                                                                                                                                                                                                                                                                                                                                                                                                                                 
Shelley                   110      12000      12750                                                                                                                                                                                                                                                                                                                                                                                                                                                                 
Kimerely                            7000       7750                                                                                                                                                                                                                                                                                                                                                                                                                                                                 

20 rows selected.

SQL> REM COMPANY DECLARES INCREMENT BASED ON DEPARTMENT_ID : 20 +1000 , 50 +1500 , 80 +2000 , REMAINING NO INCREMENT.
SQL> 
SQL> SELECT FIRST_NAME , DEPARTMENT_ID , SALARY ,
  2  DECODE ( DEPARTMENT_ID , 20 , SALARY + 1000
  3                         , 50 , SALARY + 1500
  4                         , 80 , SALARY + 2000 ) NEW_SALARY
  5  FROM EMPLOYEES
  6  ORDER BY 2;

FIRST_NAME      DEPARTMENT_ID     SALARY NEW_SALARY                                                                                                                                                                                                                                                                                                                                                                                                                                                                 
--------------- ------------- ---------- ----------                                                                                                                                                                                                                                                                                                                                                                                                                                                                 
Jennifer                   10       4400                                                                                                                                                                                                                                                                                                                                                                                                                                                                            
Michael                    20      13000      14000                                                                                                                                                                                                                                                                                                                                                                                                                                                                 
Pat                        20       6000       7000                                                                                                                                                                                                                                                                                                                                                                                                                                                                 
Kevin                      50       5800       7300                                                                                                                                                                                                                                                                                                                                                                                                                                                                 
Peter                      50       2500       4000                                                                                                                                                                                                                                                                                                                                                                                                                                                                 
Randall                    50       2600       4100                                                                                                                                                                                                                                                                                                                                                                                                                                                                 
Curtis                     50       3100       4600                                                                                                                                                                                                                                                                                                                                                                                                                                                                 
Trenna                     50       3500       5000                                                                                                                                                                                                                                                                                                                                                                                                                                                                 
Diana                      60       4200                                                                                                                                                                                                                                                                                                                                                                                                                                                                            
Bruce                      60       6000                                                                                                                                                                                                                                                                                                                                                                                                                                                                            
Alexander                  60       9000                                                                                                                                                                                                                                                                                                                                                                                                                                                                            
Ellen                      80      11000      13000                                                                                                                                                                                                                                                                                                                                                                                                                                                                 
Eleni                      80      10500      12500                                                                                                                                                                                                                                                                                                                                                                                                                                                                 
Jonathon                   80       8600      10600                                                                                                                                                                                                                                                                                                                                                                                                                                                                 
Lex                        90      17000                                                                                                                                                                                                                                                                                                                                                                                                                                                                            
Steven                     90      24000                                                                                                                                                                                                                                                                                                                                                                                                                                                                            
Neena                      90      17000                                                                                                                                                                                                                                                                                                                                                                                                                                                                            
William                   110       8300                                                                                                                                                                                                                                                                                                                                                                                                                                                                            
Shelley                   110      12000                                                                                                                                                                                                                                                                                                                                                                                                                                                                            
Kimerely                            7000                                                                                                                                                                                                                                                                                                                                                                                                                                                                            

20 rows selected.

SQL> SELECT FIRST_NAME , DEPARTMENT_ID , SALARY ,
  2  DECODE ( DEPARTMENT_ID , 20 , SALARY + 1000
  3                         , 50 , SALARY + 1500
  4                         , 80 , SALARY + 2000 , SALARY) NEW_SALARY
  5  FROM EMPLOYEES
  6  ORDER BY 2;

FIRST_NAME      DEPARTMENT_ID     SALARY NEW_SALARY                                                                                                                                                                                                                                                                                                                                                                                                                                                                 
--------------- ------------- ---------- ----------                                                                                                                                                                                                                                                                                                                                                                                                                                                                 
Jennifer                   10       4400       4400                                                                                                                                                                                                                                                                                                                                                                                                                                                                 
Michael                    20      13000      14000                                                                                                                                                                                                                                                                                                                                                                                                                                                                 
Pat                        20       6000       7000                                                                                                                                                                                                                                                                                                                                                                                                                                                                 
Kevin                      50       5800       7300                                                                                                                                                                                                                                                                                                                                                                                                                                                                 
Peter                      50       2500       4000                                                                                                                                                                                                                                                                                                                                                                                                                                                                 
Randall                    50       2600       4100                                                                                                                                                                                                                                                                                                                                                                                                                                                                 
Curtis                     50       3100       4600                                                                                                                                                                                                                                                                                                                                                                                                                                                                 
Trenna                     50       3500       5000                                                                                                                                                                                                                                                                                                                                                                                                                                                                 
Diana                      60       4200       4200                                                                                                                                                                                                                                                                                                                                                                                                                                                                 
Bruce                      60       6000       6000                                                                                                                                                                                                                                                                                                                                                                                                                                                                 
Alexander                  60       9000       9000                                                                                                                                                                                                                                                                                                                                                                                                                                                                 
Ellen                      80      11000      13000                                                                                                                                                                                                                                                                                                                                                                                                                                                                 
Eleni                      80      10500      12500                                                                                                                                                                                                                                                                                                                                                                                                                                                                 
Jonathon                   80       8600      10600                                                                                                                                                                                                                                                                                                                                                                                                                                                                 
Lex                        90      17000      17000                                                                                                                                                                                                                                                                                                                                                                                                                                                                 
Steven                     90      24000      24000                                                                                                                                                                                                                                                                                                                                                                                                                                                                 
Neena                      90      17000      17000                                                                                                                                                                                                                                                                                                                                                                                                                                                                 
William                   110       8300       8300                                                                                                                                                                                                                                                                                                                                                                                                                                                                 
Shelley                   110      12000      12000                                                                                                                                                                                                                                                                                                                                                                                                                                                                 
Kimerely                            7000       7000                                                                                                                                                                                                                                                                                                                                                                                                                                                                 

20 rows selected.

SQL> SELECT FIRST_NAME , DEPARTMENT_ID , SALARY ,
  2  CASE DEPARTMENT_ID WHEN 20 THEN SALARY + 1000
  3                     WHEN 50 THEN SALARY + 1500
  4                     WHEN 80 THEN SALARY + 2000 ELSE SALARY END NEW_SALARY
  5  FROM EMPLOYEES
  6  ORDER BY 2;

FIRST_NAME      DEPARTMENT_ID     SALARY NEW_SALARY                                                                                                                                                                                                                                                                                                                                                                                                                                                                 
--------------- ------------- ---------- ----------                                                                                                                                                                                                                                                                                                                                                                                                                                                                 
Jennifer                   10       4400       4400                                                                                                                                                                                                                                                                                                                                                                                                                                                                 
Michael                    20      13000      14000                                                                                                                                                                                                                                                                                                                                                                                                                                                                 
Pat                        20       6000       7000                                                                                                                                                                                                                                                                                                                                                                                                                                                                 
Kevin                      50       5800       7300                                                                                                                                                                                                                                                                                                                                                                                                                                                                 
Peter                      50       2500       4000                                                                                                                                                                                                                                                                                                                                                                                                                                                                 
Randall                    50       2600       4100                                                                                                                                                                                                                                                                                                                                                                                                                                                                 
Curtis                     50       3100       4600                                                                                                                                                                                                                                                                                                                                                                                                                                                                 
Trenna                     50       3500       5000                                                                                                                                                                                                                                                                                                                                                                                                                                                                 
Diana                      60       4200       4200                                                                                                                                                                                                                                                                                                                                                                                                                                                                 
Bruce                      60       6000       6000                                                                                                                                                                                                                                                                                                                                                                                                                                                                 
Alexander                  60       9000       9000                                                                                                                                                                                                                                                                                                                                                                                                                                                                 
Ellen                      80      11000      13000                                                                                                                                                                                                                                                                                                                                                                                                                                                                 
Eleni                      80      10500      12500                                                                                                                                                                                                                                                                                                                                                                                                                                                                 
Jonathon                   80       8600      10600                                                                                                                                                                                                                                                                                                                                                                                                                                                                 
Lex                        90      17000      17000                                                                                                                                                                                                                                                                                                                                                                                                                                                                 
Steven                     90      24000      24000                                                                                                                                                                                                                                                                                                                                                                                                                                                                 
Neena                      90      17000      17000                                                                                                                                                                                                                                                                                                                                                                                                                                                                 
William                   110       8300       8300                                                                                                                                                                                                                                                                                                                                                                                                                                                                 
Shelley                   110      12000      12000                                                                                                                                                                                                                                                                                                                                                                                                                                                                 
Kimerely                            7000       7000                                                                                                                                                                                                                                                                                                                                                                                                                                                                 

20 rows selected.

SQL> REM CASE ii SYNTAX : CASE WHEN condition1 THEN action1 WHEN condition2 THEN action2 ... ELSE actionN END
SQL> 
SQL> REM COMPANY DECLARES INCREMENT BASED ON SALARY RANGE : 0-6000 40% , 6001-9000 30% , 9001-12000 20% , REMAINING 10%
SQL> 
SQL> SELECT FIRST_NAME , SALARY ,
  2  CASE WHEN SALARY <= 6000 THEN SALARY * 1.4
  3       WHEN SALARY > 6000 AND SALARY <= 9000 THEN SALARY * 1.3
  4       WHEN SALARY BETWEEN 9001 AND 12000 THEN SALARY * 1.2     ELSE SALARY * 1.1 END NEW_SALARY
  5  FROM EMPLOYEES
  6  ORDER BY 2;

FIRST_NAME          SALARY NEW_SALARY                                                                                                                                                                                                                                                                                                                                                                                                                                                                               
--------------- ---------- ----------                                                                                                                                                                                                                                                                                                                                                                                                                                                                               
Peter                 2500       3500                                                                                                                                                                                                                                                                                                                                                                                                                                                                               
Randall               2600       3640                                                                                                                                                                                                                                                                                                                                                                                                                                                                               
Curtis                3100       4340                                                                                                                                                                                                                                                                                                                                                                                                                                                                               
Trenna                3500       4900                                                                                                                                                                                                                                                                                                                                                                                                                                                                               
Diana                 4200       5880                                                                                                                                                                                                                                                                                                                                                                                                                                                                               
Jennifer              4400       6160                                                                                                                                                                                                                                                                                                                                                                                                                                                                               
Kevin                 5800       8120                                                                                                                                                                                                                                                                                                                                                                                                                                                                               
Bruce                 6000       8400                                                                                                                                                                                                                                                                                                                                                                                                                                                                               
Pat                   6000       8400                                                                                                                                                                                                                                                                                                                                                                                                                                                                               
Kimerely              7000       9100                                                                                                                                                                                                                                                                                                                                                                                                                                                                               
William               8300      10790                                                                                                                                                                                                                                                                                                                                                                                                                                                                               
Jonathon              8600      11180                                                                                                                                                                                                                                                                                                                                                                                                                                                                               
Alexander             9000      11700                                                                                                                                                                                                                                                                                                                                                                                                                                                                               
Eleni                10500      12600                                                                                                                                                                                                                                                                                                                                                                                                                                                                               
Ellen                11000      13200                                                                                                                                                                                                                                                                                                                                                                                                                                                                               
Shelley              12000      14400                                                                                                                                                                                                                                                                                                                                                                                                                                                                               
Michael              13000      14300                                                                                                                                                                                                                                                                                                                                                                                                                                                                               
Neena                17000      18700                                                                                                                                                                                                                                                                                                                                                                                                                                                                               
Lex                  17000      18700                                                                                                                                                                                                                                                                                                                                                                                                                                                                               
Steven               24000      26400                                                                                                                                                                                                                                                                                                                                                                                                                                                                               

20 rows selected.

SQL> SELECT * FROM EMPLOYEES;

EMPLOYEE_ID FIRST_NAME      LAST_NAME       EMAIL      PHONE_NUMBER         HIRE_DATE JOB_ID         SALARY COMMISSION_PCT MANAGER_ID DEPARTMENT_ID                                                                                                                                                                                                                                                                                                                                                                 
----------- --------------- --------------- ---------- -------------------- --------- ---------- ---------- -------------- ---------- -------------                                                                                                                                                                                                                                                                                                                                                                 
        100 Steven          King            SKING      515.123.4567         17-JUL-87 AD_PRES         24000                                      90                                                                                                                                                                                                                                                                                                                                                                 
        101 Neena           Kochhar         NKOCHHAR   515.123.4568         21-SEP-89 AD_VP           17000                       100            90                                                                                                                                                                                                                                                                                                                                                                 
        102 Lex             De Haan         LDEHAAN    515.123.4569         13-JAN-93 AD_VP           17000                       100            90                                                                                                                                                                                                                                                                                                                                                                 
        103 Alexander       Hunold          AHUNOLD    590.423.4567         03-JAN-90 IT_PROG          9000                       102            60                                                                                                                                                                                                                                                                                                                                                                 
        104 Bruce           Ernst           BERNST     590.423.4568         21-MAY-91 IT_PROG          6000                       103            60                                                                                                                                                                                                                                                                                                                                                                 
        107 Diana           Lorentz         DLORENTZ   590.423.5567         07-FEB-99 IT_PROG          4200                       103            60                                                                                                                                                                                                                                                                                                                                                                 
        124 Kevin           Mourgos         KMOURGOS   650.123.5234         16-NOV-99 ST_MAN           5800                       100            50                                                                                                                                                                                                                                                                                                                                                                 
        141 Trenna          Rajs            TRAJS      650.121.8009         17-OCT-95 ST_CLERK         3500                       124            50                                                                                                                                                                                                                                                                                                                                                                 
        142 Curtis          Davies          CDAVIES    650.121.2994         29-JAN-97 ST_CLERK         3100                       124            50                                                                                                                                                                                                                                                                                                                                                                 
        143 Randall         Matos           RMATOS     650.121.2874         15-MAR-98 ST_CLERK         2600                       124            50                                                                                                                                                                                                                                                                                                                                                                 
        144 Peter           Vargas                     650.121.2004         09-JUL-98 ST_CLERK         2500                       124            50                                                                                                                                                                                                                                                                                                                                                                 
        149 Eleni           Zlotkey         EZLOTKEY   011.44.1344.429018   29-JAN-00 SA_MAN          10500             .2        100            80                                                                                                                                                                                                                                                                                                                                                                 
        174 Ellen           Abel            EABEL      011.44.1644.429267   11-MAY-96 SA_REP          11000             .3        149            80                                                                                                                                                                                                                                                                                                                                                                 
        176 Jonathon        Taylor          JTAYLOR    011.44.1644.429265   24-MAR-98 SA_REP           8600             .3        149            80                                                                                                                                                                                                                                                                                                                                                                 
        178 Kimerely        Grant           KGRANT     011.44.1644.429263   24-MAY-99 SA_REP           7000            .15        149                                                                                                                                                                                                                                                                                                                                                                               
        200 Jennifer        Whalen          JWHALEN    515.123.4444         17-SEP-87 AD_ASST          4400                       101            10                                                                                                                                                                                                                                                                                                                                                                 
        201 Michael         Hartstein       MHARTSTE   515.123.5555         17-FEB-96 MK_MAN          13000                       100            20                                                                                                                                                                                                                                                                                                                                                                 
        202 Pat             Fay             PFAY       603.123.6666         17-AUG-97 MK_REP           6000                       201            20                                                                                                                                                                                                                                                                                                                                                                 
        205 Shelley         Higgins         SHIGGINS   515.123.8080         07-JUN-94 AC_MGR          12000                       101           110                                                                                                                                                                                                                                                                                                                                                                 
        206 William         Gietz           WGIETZ     515.123.8181         07-JUN-94 AC_ACCOUNT       8300                       205           110                                                                                                                                                                                                                                                                                                                                                                 

20 rows selected.

SQL> REM 1 SALARY INCREMENT BASED ON HIRE_DATE : UPTO 1990 10% , 1991 - 1994 20% , 1995 - 1997 30% , REMAINING 15%
SQL> 
SQL> REM 2 MANAGER_ID : 100 102 201  30% ,   101 124 : 20% , REMAINING 10%
SQL> 
SQL> REM 3 HIRE MONTH : JUN JUL AUG  20% , JAN MAR MAY 30% , REMAINING 10%
SQL> 
SQL> REM 4 JOB_ID : IF IT HAS LAST CHARACTER P 20% , IF IT CONTAINS P BUT NOT ON LAST POSITION 30% , REMAINING 10%
SQL> 
SQL> REM 5 FIRST_NAME LEFT MOST VOWEL : A 10% , E 20% , I 30% , O 40% , REMAINING 50%
SQL> 
SQL> 
SQL> 
SQL> 
SQL> REM 1 SALARY INCREMENT BASED ON HIRE_DATE : UPTO 1990 10% , 1991 - 1994 20% , 1995 - 1997 30% , REMAINING 15%
SQL> 
SQL> SELECT FIRST_NAME , HIRE_DATE , SALARY ,
  2  CASE WHEN HIRE_DATE <= '31DEC90' THEN SALARY * 1.1
  3       WHEN HIRE_DATE BETWEEN  '1JAN91' AND '31DEC94' THEN SALARY * 1.2
  4       WHEN HIRE_DATE BETWEEN  '1JAN95' AND '31DEC97' THEN SALARY * 1.3 ELSE SALARY * 1.15 END NEW_SALARY
  5  FROM EMPLOYEES
  6  ORDER BY 2;

FIRST_NAME      HIRE_DATE     SALARY NEW_SALARY                                                                                                                                                                                                                                                                                                                                                                                                                                                                     
--------------- --------- ---------- ----------                                                                                                                                                                                                                                                                                                                                                                                                                                                                     
Steven          17-JUL-87      24000      26400                                                                                                                                                                                                                                                                                                                                                                                                                                                                     
Jennifer        17-SEP-87       4400       4840                                                                                                                                                                                                                                                                                                                                                                                                                                                                     
Neena           21-SEP-89      17000      18700                                                                                                                                                                                                                                                                                                                                                                                                                                                                     
Alexander       03-JAN-90       9000       9900                                                                                                                                                                                                                                                                                                                                                                                                                                                                     
Bruce           21-MAY-91       6000       7200                                                                                                                                                                                                                                                                                                                                                                                                                                                                     
Lex             13-JAN-93      17000      20400                                                                                                                                                                                                                                                                                                                                                                                                                                                                     
Shelley         07-JUN-94      12000      14400                                                                                                                                                                                                                                                                                                                                                                                                                                                                     
William         07-JUN-94       8300       9960                                                                                                                                                                                                                                                                                                                                                                                                                                                                     
Trenna          17-OCT-95       3500       4550                                                                                                                                                                                                                                                                                                                                                                                                                                                                     
Michael         17-FEB-96      13000      16900                                                                                                                                                                                                                                                                                                                                                                                                                                                                     
Ellen           11-MAY-96      11000      14300                                                                                                                                                                                                                                                                                                                                                                                                                                                                     
Curtis          29-JAN-97       3100       4030                                                                                                                                                                                                                                                                                                                                                                                                                                                                     
Pat             17-AUG-97       6000       7800                                                                                                                                                                                                                                                                                                                                                                                                                                                                     
Randall         15-MAR-98       2600       2990                                                                                                                                                                                                                                                                                                                                                                                                                                                                     
Jonathon        24-MAR-98       8600       9890                                                                                                                                                                                                                                                                                                                                                                                                                                                                     
Peter           09-JUL-98       2500       2875                                                                                                                                                                                                                                                                                                                                                                                                                                                                     
Diana           07-FEB-99       4200       4830                                                                                                                                                                                                                                                                                                                                                                                                                                                                     
Kimerely        24-MAY-99       7000       8050                                                                                                                                                                                                                                                                                                                                                                                                                                                                     
Kevin           16-NOV-99       5800       6670                                                                                                                                                                                                                                                                                                                                                                                                                                                                     
Eleni           29-JAN-00      10500      12075                                                                                                                                                                                                                                                                                                                                                                                                                                                                     

20 rows selected.

SQL> REM 2 MANAGER_ID : 100 102 201  30% ,   101 124 : 20% , REMAINING 10%
SQL> 
SQL> SELECT FIRST_NAME , MANAGER_ID , SALARY ,
  2  CASE WHEN MANAGER_ID IN (100,102,201) THEN SALARY * 1.3
  3       WHEN MANAGER_ID = ANY (101,124) THEN SALARY * 1.2 ELSE SALARY * 1.1 END NEW_SALARY
  4  FROM EMPLOYEES
  5  ORDER BY 2;

FIRST_NAME      MANAGER_ID     SALARY NEW_SALARY                                                                                                                                                                                                                                                                                                                                                                                                                                                                    
--------------- ---------- ---------- ----------                                                                                                                                                                                                                                                                                                                                                                                                                                                                    
Michael                100      13000      16900                                                                                                                                                                                                                                                                                                                                                                                                                                                                    
Neena                  100      17000      22100                                                                                                                                                                                                                                                                                                                                                                                                                                                                    
Lex                    100      17000      22100                                                                                                                                                                                                                                                                                                                                                                                                                                                                    
Eleni                  100      10500      13650                                                                                                                                                                                                                                                                                                                                                                                                                                                                    
Kevin                  100       5800       7540                                                                                                                                                                                                                                                                                                                                                                                                                                                                    
Shelley                101      12000      14400                                                                                                                                                                                                                                                                                                                                                                                                                                                                    
Jennifer               101       4400       5280                                                                                                                                                                                                                                                                                                                                                                                                                                                                    
Alexander              102       9000      11700                                                                                                                                                                                                                                                                                                                                                                                                                                                                    
Bruce                  103       6000       6600                                                                                                                                                                                                                                                                                                                                                                                                                                                                    
Diana                  103       4200       4620                                                                                                                                                                                                                                                                                                                                                                                                                                                                    
Curtis                 124       3100       3720                                                                                                                                                                                                                                                                                                                                                                                                                                                                    
Randall                124       2600       3120                                                                                                                                                                                                                                                                                                                                                                                                                                                                    
Peter                  124       2500       3000                                                                                                                                                                                                                                                                                                                                                                                                                                                                    
Trenna                 124       3500       4200                                                                                                                                                                                                                                                                                                                                                                                                                                                                    
Kimerely               149       7000       7700                                                                                                                                                                                                                                                                                                                                                                                                                                                                    
Ellen                  149      11000      12100                                                                                                                                                                                                                                                                                                                                                                                                                                                                    
Jonathon               149       8600       9460                                                                                                                                                                                                                                                                                                                                                                                                                                                                    
Pat                    201       6000       7800                                                                                                                                                                                                                                                                                                                                                                                                                                                                    
William                205       8300       9130                                                                                                                                                                                                                                                                                                                                                                                                                                                                    
Steven                          24000      26400                                                                                                                                                                                                                                                                                                                                                                                                                                                                    

20 rows selected.

SQL> REM 3 HIRE MONTH : JUN JUL AUG  20% , JAN MAR MAY 30% , REMAINING 10%
SQL> 
SQL> SELECT FIRST_NAME , SUBSTR(HIRE_DATE,4,3) MONTH , SALARY ,
  2  CASE WHEN HIRE_DATE LIKE '%U%' THEN SALARY * 1.2
  3       WHEN HIRE_DATE LIKE '%-_A%' THEN SALARY * 1.2 ELSE SALARY * 1.1 END NEW_SALARY
  4  FROM EMPLOYEES
  5  ORDER BY 2;

FIRST_NAME      MONTH            SALARY NEW_SALARY                                                                                                                                                                                                                                                                                                                                                                                                                                                                  
--------------- ------------ ---------- ----------                                                                                                                                                                                                                                                                                                                                                                                                                                                                  
Pat             AUG                6000       7200                                                                                                                                                                                                                                                                                                                                                                                                                                                                  
Diana           FEB                4200       4620                                                                                                                                                                                                                                                                                                                                                                                                                                                                  
Michael         FEB               13000      14300                                                                                                                                                                                                                                                                                                                                                                                                                                                                  
Alexander       JAN                9000      10800                                                                                                                                                                                                                                                                                                                                                                                                                                                                  
Eleni           JAN               10500      12600                                                                                                                                                                                                                                                                                                                                                                                                                                                                  
Curtis          JAN                3100       3720                                                                                                                                                                                                                                                                                                                                                                                                                                                                  
Lex             JAN               17000      20400                                                                                                                                                                                                                                                                                                                                                                                                                                                                  
Steven          JUL               24000      28800                                                                                                                                                                                                                                                                                                                                                                                                                                                                  
Peter           JUL                2500       3000                                                                                                                                                                                                                                                                                                                                                                                                                                                                  
William         JUN                8300       9960                                                                                                                                                                                                                                                                                                                                                                                                                                                                  
Shelley         JUN               12000      14400                                                                                                                                                                                                                                                                                                                                                                                                                                                                  
Randall         MAR                2600       3120                                                                                                                                                                                                                                                                                                                                                                                                                                                                  
Jonathon        MAR                8600      10320                                                                                                                                                                                                                                                                                                                                                                                                                                                                  
Kimerely        MAY                7000       8400                                                                                                                                                                                                                                                                                                                                                                                                                                                                  
Bruce           MAY                6000       7200                                                                                                                                                                                                                                                                                                                                                                                                                                                                  
Ellen           MAY               11000      13200                                                                                                                                                                                                                                                                                                                                                                                                                                                                  
Kevin           NOV                5800       6380                                                                                                                                                                                                                                                                                                                                                                                                                                                                  
Trenna          OCT                3500       3850                                                                                                                                                                                                                                                                                                                                                                                                                                                                  
Neena           SEP               17000      18700                                                                                                                                                                                                                                                                                                                                                                                                                                                                  
Jennifer        SEP                4400       4840                                                                                                                                                                                                                                                                                                                                                                                                                                                                  

20 rows selected.

SQL> SELECT FIRST_NAME , SUBSTR(HIRE_DATE,4,3) MONTH , SALARY ,
  2  CASE WHEN HIRE_DATE LIKE '%U%' THEN SALARY * 1.2
  3       WHEN HIRE_DATE LIKE '%-_A%' THEN SALARY * 1.3 ELSE SALARY * 1.1 END NEW_SALARY
  4  FROM EMPLOYEES
  5  ORDER BY 2;

FIRST_NAME      MONTH            SALARY NEW_SALARY                                                                                                                                                                                                                                                                                                                                                                                                                                                                  
--------------- ------------ ---------- ----------                                                                                                                                                                                                                                                                                                                                                                                                                                                                  
Pat             AUG                6000       7200                                                                                                                                                                                                                                                                                                                                                                                                                                                                  
Diana           FEB                4200       4620                                                                                                                                                                                                                                                                                                                                                                                                                                                                  
Michael         FEB               13000      14300                                                                                                                                                                                                                                                                                                                                                                                                                                                                  
Alexander       JAN                9000      11700                                                                                                                                                                                                                                                                                                                                                                                                                                                                  
Eleni           JAN               10500      13650                                                                                                                                                                                                                                                                                                                                                                                                                                                                  
Curtis          JAN                3100       4030                                                                                                                                                                                                                                                                                                                                                                                                                                                                  
Lex             JAN               17000      22100                                                                                                                                                                                                                                                                                                                                                                                                                                                                  
Steven          JUL               24000      28800                                                                                                                                                                                                                                                                                                                                                                                                                                                                  
Peter           JUL                2500       3000                                                                                                                                                                                                                                                                                                                                                                                                                                                                  
William         JUN                8300       9960                                                                                                                                                                                                                                                                                                                                                                                                                                                                  
Shelley         JUN               12000      14400                                                                                                                                                                                                                                                                                                                                                                                                                                                                  
Randall         MAR                2600       3380                                                                                                                                                                                                                                                                                                                                                                                                                                                                  
Jonathon        MAR                8600      11180                                                                                                                                                                                                                                                                                                                                                                                                                                                                  
Kimerely        MAY                7000       9100                                                                                                                                                                                                                                                                                                                                                                                                                                                                  
Bruce           MAY                6000       7800                                                                                                                                                                                                                                                                                                                                                                                                                                                                  
Ellen           MAY               11000      14300                                                                                                                                                                                                                                                                                                                                                                                                                                                                  
Kevin           NOV                5800       6380                                                                                                                                                                                                                                                                                                                                                                                                                                                                  
Trenna          OCT                3500       3850                                                                                                                                                                                                                                                                                                                                                                                                                                                                  
Neena           SEP               17000      18700                                                                                                                                                                                                                                                                                                                                                                                                                                                                  
Jennifer        SEP                4400       4840                                                                                                                                                                                                                                                                                                                                                                                                                                                                  

20 rows selected.

SQL> REM 4 JOB_ID : IF IT HAS LAST CHARACTER P 20% , IF IT CONTAINS P BUT NOT ON LAST POSITION 30% , REMAINING 10%
SQL> 
SQL> SELECT FIRST_NAME , JOB_ID , SALARY ,
  2  CASE WHEN JOB_ID LIKE '%P' THEN SALARY * 1.2
  3       WHEN JOB_ID LIKE '%P%' AND JOB_ID NOT LIKE '%P' THEN SALARY * 1.3 ELSE SALARY * 1.1 END NEW_SALARY
  4  FROM EMPLOYEES
  5  ORDER BY 2;

FIRST_NAME      JOB_ID         SALARY NEW_SALARY                                                                                                                                                                                                                                                                                                                                                                                                                                                                    
--------------- ---------- ---------- ----------                                                                                                                                                                                                                                                                                                                                                                                                                                                                    
William         AC_ACCOUNT       8300       9130                                                                                                                                                                                                                                                                                                                                                                                                                                                                    
Shelley         AC_MGR          12000      13200                                                                                                                                                                                                                                                                                                                                                                                                                                                                    
Jennifer        AD_ASST          4400       4840                                                                                                                                                                                                                                                                                                                                                                                                                                                                    
Steven          AD_PRES         24000      31200                                                                                                                                                                                                                                                                                                                                                                                                                                                                    
Lex             AD_VP           17000      20400                                                                                                                                                                                                                                                                                                                                                                                                                                                                    
Neena           AD_VP           17000      20400                                                                                                                                                                                                                                                                                                                                                                                                                                                                    
Alexander       IT_PROG          9000      11700                                                                                                                                                                                                                                                                                                                                                                                                                                                                    
Bruce           IT_PROG          6000       7800                                                                                                                                                                                                                                                                                                                                                                                                                                                                    
Diana           IT_PROG          4200       5460                                                                                                                                                                                                                                                                                                                                                                                                                                                                    
Michael         MK_MAN          13000      14300                                                                                                                                                                                                                                                                                                                                                                                                                                                                    
Pat             MK_REP           6000       7200                                                                                                                                                                                                                                                                                                                                                                                                                                                                    
Eleni           SA_MAN          10500      11550                                                                                                                                                                                                                                                                                                                                                                                                                                                                    
Ellen           SA_REP          11000      13200                                                                                                                                                                                                                                                                                                                                                                                                                                                                    
Kimerely        SA_REP           7000       8400                                                                                                                                                                                                                                                                                                                                                                                                                                                                    
Jonathon        SA_REP           8600      10320                                                                                                                                                                                                                                                                                                                                                                                                                                                                    
Randall         ST_CLERK         2600       2860                                                                                                                                                                                                                                                                                                                                                                                                                                                                    
Curtis          ST_CLERK         3100       3410                                                                                                                                                                                                                                                                                                                                                                                                                                                                    
Trenna          ST_CLERK         3500       3850                                                                                                                                                                                                                                                                                                                                                                                                                                                                    
Peter           ST_CLERK         2500       2750                                                                                                                                                                                                                                                                                                                                                                                                                                                                    
Kevin           ST_MAN           5800       6380                                                                                                                                                                                                                                                                                                                                                                                                                                                                    

20 rows selected.

SQL> SELECT FIRST_NAME , JOB_ID , SALARY ,
  2  CASE WHEN JOB_ID LIKE '%P' THEN SALARY * 1.2
  3       WHEN JOB_ID LIKE '%P%_' THEN SALARY * 1.3 ELSE SALARY * 1.1 END NEW_SALARY
  4  FROM EMPLOYEES
  5  ORDER BY 2;

FIRST_NAME      JOB_ID         SALARY NEW_SALARY                                                                                                                                                                                                                                                                                                                                                                                                                                                                    
--------------- ---------- ---------- ----------                                                                                                                                                                                                                                                                                                                                                                                                                                                                    
William         AC_ACCOUNT       8300       9130                                                                                                                                                                                                                                                                                                                                                                                                                                                                    
Shelley         AC_MGR          12000      13200                                                                                                                                                                                                                                                                                                                                                                                                                                                                    
Jennifer        AD_ASST          4400       4840                                                                                                                                                                                                                                                                                                                                                                                                                                                                    
Steven          AD_PRES         24000      31200                                                                                                                                                                                                                                                                                                                                                                                                                                                                    
Lex             AD_VP           17000      20400                                                                                                                                                                                                                                                                                                                                                                                                                                                                    
Neena           AD_VP           17000      20400                                                                                                                                                                                                                                                                                                                                                                                                                                                                    
Alexander       IT_PROG          9000      11700                                                                                                                                                                                                                                                                                                                                                                                                                                                                    
Bruce           IT_PROG          6000       7800                                                                                                                                                                                                                                                                                                                                                                                                                                                                    
Diana           IT_PROG          4200       5460                                                                                                                                                                                                                                                                                                                                                                                                                                                                    
Michael         MK_MAN          13000      14300                                                                                                                                                                                                                                                                                                                                                                                                                                                                    
Pat             MK_REP           6000       7200                                                                                                                                                                                                                                                                                                                                                                                                                                                                    
Eleni           SA_MAN          10500      11550                                                                                                                                                                                                                                                                                                                                                                                                                                                                    
Ellen           SA_REP          11000      13200                                                                                                                                                                                                                                                                                                                                                                                                                                                                    
Kimerely        SA_REP           7000       8400                                                                                                                                                                                                                                                                                                                                                                                                                                                                    
Jonathon        SA_REP           8600      10320                                                                                                                                                                                                                                                                                                                                                                                                                                                                    
Randall         ST_CLERK         2600       2860                                                                                                                                                                                                                                                                                                                                                                                                                                                                    
Curtis          ST_CLERK         3100       3410                                                                                                                                                                                                                                                                                                                                                                                                                                                                    
Trenna          ST_CLERK         3500       3850                                                                                                                                                                                                                                                                                                                                                                                                                                                                    
Peter           ST_CLERK         2500       2750                                                                                                                                                                                                                                                                                                                                                                                                                                                                    
Kevin           ST_MAN           5800       6380                                                                                                                                                                                                                                                                                                                                                                                                                                                                    

20 rows selected.

SQL> REM 5 FIRST_NAME LEFT MOST VOWEL : A 10% , E 20% , I 30% , O 40% , REMAINING 50%
SQL> 
SQL> SELECT FIRST_NAME , SELECT FIRST_NAME , JOB_ID , SALARY ,UPPER(FIRST_NAME)
  2  CASE WHEN JOB_ID LIKE '%P' THEN SALARY * 1.2
  3       WHEN JOB_ID LIKE '%P%'  THEN SALARY * 1.3 ELSE SALARY * 1.1 END NEW_SALARY
  4  FROM EMPLOYEES
  5  ORDER BY 2;
SELECT FIRST_NAME , SELECT FIRST_NAME , JOB_ID , SALARY ,UPPER(FIRST_NAME)
                    *
ERROR at line 1:
ORA-00936: missing expression 


SQL> SELECT FIRST_NAME , JOB_ID , SALARY ,UPPER(FIRST_NAME)
  2  CASE WHEN JOB_ID LIKE '%P' THEN SALARY * 1.2
  3       WHEN JOB_ID LIKE '%P%'  THEN SALARY * 1.3 ELSE SALARY * 1.1 END NEW_SALARY
  4  FROM EMPLOYEES
  5  ORDER BY 2;
CASE WHEN JOB_ID LIKE '%P' THEN SALARY * 1.2
     *
ERROR at line 2:
ORA-00923: FROM keyword not found where expected 


SQL> SELECT FIRST_NAME , JOB_ID , SALARY ,
  2  CASE WHEN JOB_ID LIKE '%P' THEN SALARY * 1.2
  3       WHEN JOB_ID LIKE '%P%'  THEN SALARY * 1.3 ELSE SALARY * 1.1 END NEW_SALARY
  4  FROM EMPLOYEES
  5  ORDER BY 2;

FIRST_NAME      JOB_ID         SALARY NEW_SALARY                                                                                                                                                                                                                                                                                                                                                                                                                                                                    
--------------- ---------- ---------- ----------                                                                                                                                                                                                                                                                                                                                                                                                                                                                    
William         AC_ACCOUNT       8300       9130                                                                                                                                                                                                                                                                                                                                                                                                                                                                    
Shelley         AC_MGR          12000      13200                                                                                                                                                                                                                                                                                                                                                                                                                                                                    
Jennifer        AD_ASST          4400       4840                                                                                                                                                                                                                                                                                                                                                                                                                                                                    
Steven          AD_PRES         24000      31200                                                                                                                                                                                                                                                                                                                                                                                                                                                                    
Lex             AD_VP           17000      20400                                                                                                                                                                                                                                                                                                                                                                                                                                                                    
Neena           AD_VP           17000      20400                                                                                                                                                                                                                                                                                                                                                                                                                                                                    
Alexander       IT_PROG          9000      11700                                                                                                                                                                                                                                                                                                                                                                                                                                                                    
Bruce           IT_PROG          6000       7800                                                                                                                                                                                                                                                                                                                                                                                                                                                                    
Diana           IT_PROG          4200       5460                                                                                                                                                                                                                                                                                                                                                                                                                                                                    
Michael         MK_MAN          13000      14300                                                                                                                                                                                                                                                                                                                                                                                                                                                                    
Pat             MK_REP           6000       7200                                                                                                                                                                                                                                                                                                                                                                                                                                                                    
Eleni           SA_MAN          10500      11550                                                                                                                                                                                                                                                                                                                                                                                                                                                                    
Ellen           SA_REP          11000      13200                                                                                                                                                                                                                                                                                                                                                                                                                                                                    
Kimerely        SA_REP           7000       8400                                                                                                                                                                                                                                                                                                                                                                                                                                                                    
Jonathon        SA_REP           8600      10320                                                                                                                                                                                                                                                                                                                                                                                                                                                                    
Randall         ST_CLERK         2600       2860                                                                                                                                                                                                                                                                                                                                                                                                                                                                    
Curtis          ST_CLERK         3100       3410                                                                                                                                                                                                                                                                                                                                                                                                                                                                    
Trenna          ST_CLERK         3500       3850                                                                                                                                                                                                                                                                                                                                                                                                                                                                    
Peter           ST_CLERK         2500       2750                                                                                                                                                                                                                                                                                                                                                                                                                                                                    
Kevin           ST_MAN           5800       6380                                                                                                                                                                                                                                                                                                                                                                                                                                                                    

20 rows selected.

SQL> SELECT FIRST_NAME , JOB_ID , SALARY ,
  2  CASE WHEN JOB_ID LIKE '%P%'  THEN SALARY * 1.3
  3       WHEN JOB_ID LIKE '%P' THEN SALARY * 1.2 ELSE SALARY * 1.1 END NEW_SALARY
  4  FROM EMPLOYEES
  5  ORDER BY 2;

FIRST_NAME      JOB_ID         SALARY NEW_SALARY                                                                                                                                                                                                                                                                                                                                                                                                                                                                    
--------------- ---------- ---------- ----------                                                                                                                                                                                                                                                                                                                                                                                                                                                                    
William         AC_ACCOUNT       8300       9130                                                                                                                                                                                                                                                                                                                                                                                                                                                                    
Shelley         AC_MGR          12000      13200                                                                                                                                                                                                                                                                                                                                                                                                                                                                    
Jennifer        AD_ASST          4400       4840                                                                                                                                                                                                                                                                                                                                                                                                                                                                    
Steven          AD_PRES         24000      31200                                                                                                                                                                                                                                                                                                                                                                                                                                                                    
Lex             AD_VP           17000      22100                                                                                                                                                                                                                                                                                                                                                                                                                                                                    
Neena           AD_VP           17000      22100                                                                                                                                                                                                                                                                                                                                                                                                                                                                    
Alexander       IT_PROG          9000      11700                                                                                                                                                                                                                                                                                                                                                                                                                                                                    
Bruce           IT_PROG          6000       7800                                                                                                                                                                                                                                                                                                                                                                                                                                                                    
Diana           IT_PROG          4200       5460                                                                                                                                                                                                                                                                                                                                                                                                                                                                    
Michael         MK_MAN          13000      14300                                                                                                                                                                                                                                                                                                                                                                                                                                                                    
Pat             MK_REP           6000       7800                                                                                                                                                                                                                                                                                                                                                                                                                                                                    
Eleni           SA_MAN          10500      11550                                                                                                                                                                                                                                                                                                                                                                                                                                                                    
Ellen           SA_REP          11000      14300                                                                                                                                                                                                                                                                                                                                                                                                                                                                    
Kimerely        SA_REP           7000       9100                                                                                                                                                                                                                                                                                                                                                                                                                                                                    
Jonathon        SA_REP           8600      11180                                                                                                                                                                                                                                                                                                                                                                                                                                                                    
Randall         ST_CLERK         2600       2860                                                                                                                                                                                                                                                                                                                                                                                                                                                                    
Curtis          ST_CLERK         3100       3410                                                                                                                                                                                                                                                                                                                                                                                                                                                                    
Trenna          ST_CLERK         3500       3850                                                                                                                                                                                                                                                                                                                                                                                                                                                                    
Peter           ST_CLERK         2500       2750                                                                                                                                                                                                                                                                                                                                                                                                                                                                    
Kevin           ST_MAN           5800       6380                                                                                                                                                                                                                                                                                                                                                                                                                                                                    

20 rows selected.

SQL> REM 5 FIRST_NAME LEFT MOST VOWEL : A 10% , E 20% , I 30% , O 40% , REMAINING 50%
SQL> 
SQL> SELECT FIRST_NAME , SUBSTR(LTRIM(UPPER(FIRST_NAME),'QWRTYPSDFGHJKLZXCVBNM'),1,1) ,
  2  CASE SUBSTR(LTRIM(UPPER(FIRST_NAME),'QWRTYPSDFGHJKLZXCVBNM'),1,1) WHEN 'A' THEN SALARY * 1.1
  3                                                                         'E' THEN SALARY * 1.2
  4                                                                         'I' THEN SALARY * 1.3
  5                                                                         'O' THEN SALARY * 1.4 ELSE SALARY * 1.5 END NEW_SALARY
  6  FROM EMPLOYEES
  7  ORDER BY 2;
                                                                       'E' THEN SALARY * 1.2
                                                                       *
ERROR at line 3:
ORA-00905: missing keyword 


SQL> SELECT FIRST_NAME , SUBSTR(LTRIM(UPPER(FIRST_NAME),'QWRTYPSDFGHJKLZXCVBNM'),1,1) ,
  2  CASE SUBSTR(LTRIM(UPPER(FIRST_NAME),'QWRTYPSDFGHJKLZXCVBNM'),1,1) WHEN 'A' THEN SALARY * 1.1
  3                                                                    WHEN 'E' THEN SALARY * 1.2
  4                                                                    WHEN 'I' THEN SALARY * 1.3
  5                                                                    WHEN 'O' THEN SALARY * 1.4 ELSE SALARY * 1.5 END NEW_SALARY
  6  FROM EMPLOYEES
  7  ORDER BY 2;

FIRST_NAME      SUBS NEW_SALARY                                                                                                                                                                                                                                                                                                                                                                                                                                                                                     
--------------- ---- ----------                                                                                                                                                                                                                                                                                                                                                                                                                                                                                     
Randall         A          2860                                                                                                                                                                                                                                                                                                                                                                                                                                                                                     
Alexander       A          9900                                                                                                                                                                                                                                                                                                                                                                                                                                                                                     
Pat             A          6600                                                                                                                                                                                                                                                                                                                                                                                                                                                                                     
Lex             E         20400                                                                                                                                                                                                                                                                                                                                                                                                                                                                                     
Steven          E         28800                                                                                                                                                                                                                                                                                                                                                                                                                                                                                     
Neena           E         20400                                                                                                                                                                                                                                                                                                                                                                                                                                                                                     
Shelley         E         14400                                                                                                                                                                                                                                                                                                                                                                                                                                                                                     
Jennifer        E          5280                                                                                                                                                                                                                                                                                                                                                                                                                                                                                     
Ellen           E         13200                                                                                                                                                                                                                                                                                                                                                                                                                                                                                     
Eleni           E         12600                                                                                                                                                                                                                                                                                                                                                                                                                                                                                     
Peter           E          3000                                                                                                                                                                                                                                                                                                                                                                                                                                                                                     
Trenna          E          4200                                                                                                                                                                                                                                                                                                                                                                                                                                                                                     
Kevin           E          6960                                                                                                                                                                                                                                                                                                                                                                                                                                                                                     
William         I         10790                                                                                                                                                                                                                                                                                                                                                                                                                                                                                     
Kimerely        I          9100                                                                                                                                                                                                                                                                                                                                                                                                                                                                                     
Michael         I         16900                                                                                                                                                                                                                                                                                                                                                                                                                                                                                     
Diana           I          5460                                                                                                                                                                                                                                                                                                                                                                                                                                                                                     
Jonathon        O         12040                                                                                                                                                                                                                                                                                                                                                                                                                                                                                     
Bruce           U          9000                                                                                                                                                                                                                                                                                                                                                                                                                                                                                     
Curtis          U          4650                                                                                                                                                                                                                                                                                                                                                                                                                                                                                     

20 rows selected.

SQL> REM 5 FIRST_NAME LEFT MOST VOWEL : A 10% , E 20% , I 30% , O 40% , REMAINING 50%
SQL> 
SQL> SELECT FIRST_NAME , SUBSTR(LTRIM(UPPER(FIRST_NAME),'QWRTYPSDFGHJKLZXCVBNM'),1,1) , SALARY ,
  2  CASE SUBSTR(LTRIM(UPPER(FIRST_NAME),'QWRTYPSDFGHJKLZXCVBNM'),1,1) WHEN 'A' THEN SALARY * 1.1
  3                                                                    WHEN 'E' THEN SALARY * 1.2
  4                                                                    WHEN 'I' THEN SALARY * 1.3
  5                                                                    WHEN 'O' THEN SALARY * 1.4 ELSE SALARY * 1.5 END NEW_SALARY
  6  FROM EMPLOYEES
  7  ORDER BY 2;

FIRST_NAME      SUBS     SALARY NEW_SALARY                                                                                                                                                                                                                                                                                                                                                                                                                                                                          
--------------- ---- ---------- ----------                                                                                                                                                                                                                                                                                                                                                                                                                                                                          
Randall         A          2600       2860                                                                                                                                                                                                                                                                                                                                                                                                                                                                          
Alexander       A          9000       9900                                                                                                                                                                                                                                                                                                                                                                                                                                                                          
Pat             A          6000       6600                                                                                                                                                                                                                                                                                                                                                                                                                                                                          
Lex             E         17000      20400                                                                                                                                                                                                                                                                                                                                                                                                                                                                          
Steven          E         24000      28800                                                                                                                                                                                                                                                                                                                                                                                                                                                                          
Neena           E         17000      20400                                                                                                                                                                                                                                                                                                                                                                                                                                                                          
Shelley         E         12000      14400                                                                                                                                                                                                                                                                                                                                                                                                                                                                          
Jennifer        E          4400       5280                                                                                                                                                                                                                                                                                                                                                                                                                                                                          
Ellen           E         11000      13200                                                                                                                                                                                                                                                                                                                                                                                                                                                                          
Eleni           E         10500      12600                                                                                                                                                                                                                                                                                                                                                                                                                                                                          
Peter           E          2500       3000                                                                                                                                                                                                                                                                                                                                                                                                                                                                          
Trenna          E          3500       4200                                                                                                                                                                                                                                                                                                                                                                                                                                                                          
Kevin           E          5800       6960                                                                                                                                                                                                                                                                                                                                                                                                                                                                          
William         I          8300      10790                                                                                                                                                                                                                                                                                                                                                                                                                                                                          
Kimerely        I          7000       9100                                                                                                                                                                                                                                                                                                                                                                                                                                                                          
Michael         I         13000      16900                                                                                                                                                                                                                                                                                                                                                                                                                                                                          
Diana           I          4200       5460                                                                                                                                                                                                                                                                                                                                                                                                                                                                          
Jonathon        O          8600      12040                                                                                                                                                                                                                                                                                                                                                                                                                                                                          
Bruce           U          6000       9000                                                                                                                                                                                                                                                                                                                                                                                                                                                                          
Curtis          U          3100       4650                                                                                                                                                                                                                                                                                                                                                                                                                                                                          

20 rows selected.

SQL> SPOOL OFF
