SQL> 
SQL> CL SCR

SQL> REM SELECT SYNTAX : SELECT ... FROM ... WHERE ... ORDER BY ... OFFSET ... FETCH ...;
SQL> 
SQL> REM DISPLAY FIRST 8 ROWS OF EMPLOYEES TABLE
SQL> 
SQL> SELECT * FROM EMPLOYEES FETCH FIRST 8 ROWS ONLY;

EMPLOYEE_ID FIRST_NAME      LAST_NAME       EMAIL      PHONE_NUMBER         HIRE_DATE                         JOB_ID         SALARY COMMISSION_PCT MANAGER_ID DEPARTMENT_ID                             
----------- --------------- --------------- ---------- -------------------- --------------------------------- ---------- ---------- -------------- ---------- -------------                             
        100 Steven          King            SKING      515.123.4567         17-JUL-1987 12:00.00 AM FRIDAY    AD_PRES         24000                                      90                             
        101 Neena           Kochhar         NKOCHHAR   515.123.4568         21-SEP-1989 12:00.00 AM THURSDAY  AD_VP           17000                       100            90                             
        102 Lex             De Haan         LDEHAAN    515.123.4569         13-JAN-1993 12:00.00 AM WEDNESDAY AD_VP           17000                       100            90                             
        103 Alexander       Hunold          AHUNOLD    590.423.4567         03-JAN-1990 12:00.00 AM WEDNESDAY IT_PROG          9000                       102            60                             
        104 Bruce           Ernst           BERNST     590.423.4568         21-MAY-1991 12:00.00 AM TUESDAY   IT_PROG          6000                       103            60                             
        107 Diana           Lorentz         DLORENTZ   590.423.5567         07-FEB-1999 12:00.00 AM SUNDAY    IT_PROG          4200                       103            60                             
        124 Kevin           Mourgos         KMOURGOS   650.123.5234         16-NOV-1999 12:00.00 AM TUESDAY   ST_MAN           5800                       100            50                             
        141 Trenna          Rajs            TRAJS      650.121.8009         17-OCT-1995 12:00.00 AM TUESDAY   ST_CLERK         3500                       124            50                             

8 rows selected.

SQL> REM DISPLAY LAST 5 ROWS OF EMPLOYEES TABLE
SQL> 
SQL> SELECT * FROM EMPLOYEES OFFSET 15 ROWS;

EMPLOYEE_ID FIRST_NAME      LAST_NAME       EMAIL      PHONE_NUMBER         HIRE_DATE                         JOB_ID         SALARY COMMISSION_PCT MANAGER_ID DEPARTMENT_ID                             
----------- --------------- --------------- ---------- -------------------- --------------------------------- ---------- ---------- -------------- ---------- -------------                             
        200 Jennifer        Whalen          JWHALEN    515.123.4444         17-SEP-1987 12:00.00 AM THURSDAY  AD_ASST          4400                       101            10                             
        201 Michael         Hartstein       MHARTSTE   515.123.5555         17-FEB-1996 12:00.00 AM SATURDAY  MK_MAN          13000                       100            20                             
        202 Pat             Fay             PFAY       603.123.6666         17-AUG-1997 12:00.00 AM SUNDAY    MK_REP           6000                       201            20                             
        205 Shelley         Higgins         SHIGGINS   515.123.8080         07-JUN-1994 12:00.00 AM TUESDAY   AC_MGR          12000                       101           110                             
        206 William         Gietz           WGIETZ     515.123.8181         07-JUN-1994 12:00.00 AM TUESDAY   AC_ACCOUNT       8300                       205           110                             

SQL> CONN SCOTT/TIGER
Connected.
SQL> 
SQL> REM DISPLAY FIRST 8 ROWS OF EMPLOYEES TABLE
SQL> 
SQL> SELECT * FROM EMPLOYEES FETCH FIRST 8 ROWS ONLY;

EMPLOYEE_ID FIRST_NAME      LAST_NAME       EMAIL      PHONE_NUMBER         HIRE_DATE JOB_ID         SALARY COMMISSION_PCT MANAGER_ID DEPARTMENT_ID                                                     
----------- --------------- --------------- ---------- -------------------- --------- ---------- ---------- -------------- ---------- -------------                                                     
        100 Steven          King            SKING      515.123.4567         17-JUL-87 AD_PRES         24000                                      90                                                     
        101 Neena           Kochhar         NKOCHHAR   515.123.4568         21-SEP-89 AD_VP           17000                       100            90                                                     
        102 Lex             De Haan         LDEHAAN    515.123.4569         13-JAN-93 AD_VP           17000                       100            90                                                     
        103 Alexander       Hunold          AHUNOLD    590.423.4567         03-JAN-90 IT_PROG          9000                       102            60                                                     
        104 Bruce           Ernst           BERNST     590.423.4568         21-MAY-91 IT_PROG          6000                       103            60                                                     
        107 Diana           Lorentz         DLORENTZ   590.423.5567         07-FEB-99 IT_PROG          4200                       103            60                                                     
        124 Kevin           Mourgos         KMOURGOS   650.123.5234         16-NOV-99 ST_MAN           5800                       100            50                                                     
        141 Trenna          Rajs            TRAJS      650.121.8009         17-OCT-95 ST_CLERK         3500                       124            50                                                     

8 rows selected.

SQL> REM DISPLAY LAST 5 ROWS OF EMPLOYEES TABLE
SQL> 
SQL> SELECT * FROM EMPLOYEES OFFSET 15 ROWS;

EMPLOYEE_ID FIRST_NAME      LAST_NAME       EMAIL      PHONE_NUMBER         HIRE_DATE JOB_ID         SALARY COMMISSION_PCT MANAGER_ID DEPARTMENT_ID                                                     
----------- --------------- --------------- ---------- -------------------- --------- ---------- ---------- -------------- ---------- -------------                                                     
        200 Jennifer        Whalen          JWHALEN    515.123.4444         17-SEP-87 AD_ASST          4400                       101            10                                                     
        201 Michael         Hartstein       MHARTSTE   515.123.5555         17-FEB-96 MK_MAN          13000                       100            20                                                     
        202 Pat             Fay             PFAY       603.123.6666         17-AUG-97 MK_REP           6000                       201            20                                                     
        205 Shelley         Higgins         SHIGGINS   515.123.8080         07-JUN-94 AC_MGR          12000                       101           110                                                     
        206 William         Gietz           WGIETZ     515.123.8181         07-JUN-94 AC_ACCOUNT       8300                       205           110                                                     

SQL> REM DISPLAY ROWS BETWEEN 5 TO 14
SQL> 
SQL> SELECT * FROM EMPLOYEES OFFSET 4 ROWS FETCH NEXT 10 ROWS ONLY;

EMPLOYEE_ID FIRST_NAME      LAST_NAME       EMAIL      PHONE_NUMBER         HIRE_DATE JOB_ID         SALARY COMMISSION_PCT MANAGER_ID DEPARTMENT_ID                                                     
----------- --------------- --------------- ---------- -------------------- --------- ---------- ---------- -------------- ---------- -------------                                                     
        104 Bruce           Ernst           BERNST     590.423.4568         21-MAY-91 IT_PROG          6000                       103            60                                                     
        107 Diana           Lorentz         DLORENTZ   590.423.5567         07-FEB-99 IT_PROG          4200                       103            60                                                     
        124 Kevin           Mourgos         KMOURGOS   650.123.5234         16-NOV-99 ST_MAN           5800                       100            50                                                     
        141 Trenna          Rajs            TRAJS      650.121.8009         17-OCT-95 ST_CLERK         3500                       124            50                                                     
        142 Curtis          Davies          CDAVIES    650.121.2994         29-JAN-97 ST_CLERK         3100                       124            50                                                     
        143 Randall         Matos           RMATOS     650.121.2874         15-MAR-98 ST_CLERK         2600                       124            50                                                     
        144 Peter           Vargas                     650.121.2004         09-JUL-98 ST_CLERK         2500                       124            50                                                     
        149 Eleni           Zlotkey         EZLOTKEY   011.44.1344.429018   29-JAN-00 SA_MAN          10500             .2        100            80                                                     
        174 Ellen           Abel            EABEL      011.44.1644.429267   11-MAY-96 SA_REP          11000             .3        149            80                                                     
        176 Jonathon        Taylor          JTAYLOR    011.44.1644.429265   24-MAR-98 SA_REP           8600             .3        149            80                                                     

10 rows selected.

SQL> REM OFFSET = START - 1 = 5 - 1  = 4
SQL> 
SQL> REM FETCH = LAST - OFFSET = 14 - 4 = `10
SQL> 
SQL> REM DISPLAY ROWS BETWEEN 5 TO 14
SQL> 
SQL> REM DISPLAY ROWS BETWEEN 5 - 14
SQL> 
SQL> REM DISPLAY ROWS 5 - 14
SQL> 
SQL> REM DISPLAY ROWS 10 ROWS STARTING WITH 5th ROW
SQL> 
SQL> REM DISPLAY ALL ROWS EXCEPT : 1-4 AND 15-20
SQL> 
SQL> REM DISPLAY ALL ROWS OTHER THAN : FIRST 4 AND LAST 6
SQL> 
SQL> SELECT * FROM EMPLOYEES;

EMPLOYEE_ID FIRST_NAME      LAST_NAME       EMAIL      PHONE_NUMBER         HIRE_DATE JOB_ID         SALARY COMMISSION_PCT MANAGER_ID DEPARTMENT_ID                                                     
----------- --------------- --------------- ---------- -------------------- --------- ---------- ---------- -------------- ---------- -------------                                                     
        100 Steven          King            SKING      515.123.4567         17-JUL-87 AD_PRES         24000                                      90                                                     
        101 Neena           Kochhar         NKOCHHAR   515.123.4568         21-SEP-89 AD_VP           17000                       100            90                                                     
        102 Lex             De Haan         LDEHAAN    515.123.4569         13-JAN-93 AD_VP           17000                       100            90                                                     
        103 Alexander       Hunold          AHUNOLD    590.423.4567         03-JAN-90 IT_PROG          9000                       102            60                                                     
        104 Bruce           Ernst           BERNST     590.423.4568         21-MAY-91 IT_PROG          6000                       103            60                                                     
        107 Diana           Lorentz         DLORENTZ   590.423.5567         07-FEB-99 IT_PROG          4200                       103            60                                                     
        124 Kevin           Mourgos         KMOURGOS   650.123.5234         16-NOV-99 ST_MAN           5800                       100            50                                                     
        141 Trenna          Rajs            TRAJS      650.121.8009         17-OCT-95 ST_CLERK         3500                       124            50                                                     
        142 Curtis          Davies          CDAVIES    650.121.2994         29-JAN-97 ST_CLERK         3100                       124            50                                                     
        143 Randall         Matos           RMATOS     650.121.2874         15-MAR-98 ST_CLERK         2600                       124            50                                                     
        144 Peter           Vargas                     650.121.2004         09-JUL-98 ST_CLERK         2500                       124            50                                                     
        149 Eleni           Zlotkey         EZLOTKEY   011.44.1344.429018   29-JAN-00 SA_MAN          10500             .2        100            80                                                     
        174 Ellen           Abel            EABEL      011.44.1644.429267   11-MAY-96 SA_REP          11000             .3        149            80                                                     
        176 Jonathon        Taylor          JTAYLOR    011.44.1644.429265   24-MAR-98 SA_REP           8600             .3        149            80                                                     
        178 Kimerely        Grant           KGRANT     011.44.1644.429263   24-MAY-99 SA_REP           7000            .15        149                                                                   
        200 Jennifer        Whalen          JWHALEN    515.123.4444         17-SEP-87 AD_ASST          4400                       101            10                                                     
        201 Michael         Hartstein       MHARTSTE   515.123.5555         17-FEB-96 MK_MAN          13000                       100            20                                                     
        202 Pat             Fay             PFAY       603.123.6666         17-AUG-97 MK_REP           6000                       201            20                                                     
        205 Shelley         Higgins         SHIGGINS   515.123.8080         07-JUN-94 AC_MGR          12000                       101           110                                                     
        206 William         Gietz           WGIETZ     515.123.8181         07-JUN-94 AC_ACCOUNT       8300                       205           110                                                     

20 rows selected.

SQL> REM 1 DISPLAY ROWS BETWEEN 8 AND 12
SQL> 
SQL> REM 2 DISPLAY ROWS 4 TO 9
SQL> 
SQL> REM 3 DISPLAY ROWS 9 - 11
SQL> 
SQL> REM 4 DISPLAY 6 ROW STARTING WITH 7th ROW
SQL> 
SQL> REM 5 DISPLAY ALL ROWS EXECPT FIRST 7 AND 13-20
SQL> 
SQL> 
SQL> 
SQL> REM 1 DISPLAY ROWS BETWEEN 8 AND 12
SQL> 
SQL> SELECT * FROM EMPLOYEES OFFSET 7 ROWS FETCH NEXT 5 ROWS ONLY;

EMPLOYEE_ID FIRST_NAME      LAST_NAME       EMAIL      PHONE_NUMBER         HIRE_DATE JOB_ID         SALARY COMMISSION_PCT MANAGER_ID DEPARTMENT_ID                                                     
----------- --------------- --------------- ---------- -------------------- --------- ---------- ---------- -------------- ---------- -------------                                                     
        141 Trenna          Rajs            TRAJS      650.121.8009         17-OCT-95 ST_CLERK         3500                       124            50                                                     
        142 Curtis          Davies          CDAVIES    650.121.2994         29-JAN-97 ST_CLERK         3100                       124            50                                                     
        143 Randall         Matos           RMATOS     650.121.2874         15-MAR-98 ST_CLERK         2600                       124            50                                                     
        144 Peter           Vargas                     650.121.2004         09-JUL-98 ST_CLERK         2500                       124            50                                                     
        149 Eleni           Zlotkey         EZLOTKEY   011.44.1344.429018   29-JAN-00 SA_MAN          10500             .2        100            80                                                     

SQL> REM 2 DISPLAY ROWS 4 TO 9
SQL> 
SQL> SELECT * FROM EMPLOYEES OFFSET 3 ROWS FETCH NEXT 6 ROWS ONLY;

EMPLOYEE_ID FIRST_NAME      LAST_NAME       EMAIL      PHONE_NUMBER         HIRE_DATE JOB_ID         SALARY COMMISSION_PCT MANAGER_ID DEPARTMENT_ID                                                     
----------- --------------- --------------- ---------- -------------------- --------- ---------- ---------- -------------- ---------- -------------                                                     
        103 Alexander       Hunold          AHUNOLD    590.423.4567         03-JAN-90 IT_PROG          9000                       102            60                                                     
        104 Bruce           Ernst           BERNST     590.423.4568         21-MAY-91 IT_PROG          6000                       103            60                                                     
        107 Diana           Lorentz         DLORENTZ   590.423.5567         07-FEB-99 IT_PROG          4200                       103            60                                                     
        124 Kevin           Mourgos         KMOURGOS   650.123.5234         16-NOV-99 ST_MAN           5800                       100            50                                                     
        141 Trenna          Rajs            TRAJS      650.121.8009         17-OCT-95 ST_CLERK         3500                       124            50                                                     
        142 Curtis          Davies          CDAVIES    650.121.2994         29-JAN-97 ST_CLERK         3100                       124            50                                                     

6 rows selected.

SQL> REM 3 DISPLAY ROWS 9 - 11
SQL> 
SQL> SELECT * FROM EMPLOYEES OFFSET 8 ROWS FETCH NEXT 3 ROWS ONLY;

EMPLOYEE_ID FIRST_NAME      LAST_NAME       EMAIL      PHONE_NUMBER         HIRE_DATE JOB_ID         SALARY COMMISSION_PCT MANAGER_ID DEPARTMENT_ID                                                     
----------- --------------- --------------- ---------- -------------------- --------- ---------- ---------- -------------- ---------- -------------                                                     
        142 Curtis          Davies          CDAVIES    650.121.2994         29-JAN-97 ST_CLERK         3100                       124            50                                                     
        143 Randall         Matos           RMATOS     650.121.2874         15-MAR-98 ST_CLERK         2600                       124            50                                                     
        144 Peter           Vargas                     650.121.2004         09-JUL-98 ST_CLERK         2500                       124            50                                                     

SQL> REM 4 DISPLAY 6 ROW STARTING WITH 7th ROW
SQL> 
SQL> SELECT * FROM EMPLOYEES OFFSET 6 ROWS FETCH NEXT 6 ROWS ONLY;

EMPLOYEE_ID FIRST_NAME      LAST_NAME       EMAIL      PHONE_NUMBER         HIRE_DATE JOB_ID         SALARY COMMISSION_PCT MANAGER_ID DEPARTMENT_ID                                                     
----------- --------------- --------------- ---------- -------------------- --------- ---------- ---------- -------------- ---------- -------------                                                     
        124 Kevin           Mourgos         KMOURGOS   650.123.5234         16-NOV-99 ST_MAN           5800                       100            50                                                     
        141 Trenna          Rajs            TRAJS      650.121.8009         17-OCT-95 ST_CLERK         3500                       124            50                                                     
        142 Curtis          Davies          CDAVIES    650.121.2994         29-JAN-97 ST_CLERK         3100                       124            50                                                     
        143 Randall         Matos           RMATOS     650.121.2874         15-MAR-98 ST_CLERK         2600                       124            50                                                     
        144 Peter           Vargas                     650.121.2004         09-JUL-98 ST_CLERK         2500                       124            50                                                     
        149 Eleni           Zlotkey         EZLOTKEY   011.44.1344.429018   29-JAN-00 SA_MAN          10500             .2        100            80                                                     

6 rows selected.

SQL> REM 5 DISPLAY ALL ROWS EXECPT FIRST 7 AND 13-20
SQL> 
SQL> SELECT * FROM EMPLOYEES OFFSET 7 ROWS FETCH NEXT 5 ROWS ONLY;

EMPLOYEE_ID FIRST_NAME      LAST_NAME       EMAIL      PHONE_NUMBER         HIRE_DATE JOB_ID         SALARY COMMISSION_PCT MANAGER_ID DEPARTMENT_ID                                                     
----------- --------------- --------------- ---------- -------------------- --------- ---------- ---------- -------------- ---------- -------------                                                     
        141 Trenna          Rajs            TRAJS      650.121.8009         17-OCT-95 ST_CLERK         3500                       124            50                                                     
        142 Curtis          Davies          CDAVIES    650.121.2994         29-JAN-97 ST_CLERK         3100                       124            50                                                     
        143 Randall         Matos           RMATOS     650.121.2874         15-MAR-98 ST_CLERK         2600                       124            50                                                     
        144 Peter           Vargas                     650.121.2004         09-JUL-98 ST_CLERK         2500                       124            50                                                     
        149 Eleni           Zlotkey         EZLOTKEY   011.44.1344.429018   29-JAN-00 SA_MAN          10500             .2        100            80                                                     

SQL> SELECT * FROM EMPLOYEES;

EMPLOYEE_ID FIRST_NAME      LAST_NAME       EMAIL      PHONE_NUMBER         HIRE_DATE JOB_ID         SALARY COMMISSION_PCT MANAGER_ID DEPARTMENT_ID                                                     
----------- --------------- --------------- ---------- -------------------- --------- ---------- ---------- -------------- ---------- -------------                                                     
        100 Steven          King            SKING      515.123.4567         17-JUL-87 AD_PRES         24000                                      90                                                     
        101 Neena           Kochhar         NKOCHHAR   515.123.4568         21-SEP-89 AD_VP           17000                       100            90                                                     
        102 Lex             De Haan         LDEHAAN    515.123.4569         13-JAN-93 AD_VP           17000                       100            90                                                     
        103 Alexander       Hunold          AHUNOLD    590.423.4567         03-JAN-90 IT_PROG          9000                       102            60                                                     
        104 Bruce           Ernst           BERNST     590.423.4568         21-MAY-91 IT_PROG          6000                       103            60                                                     
        107 Diana           Lorentz         DLORENTZ   590.423.5567         07-FEB-99 IT_PROG          4200                       103            60                                                     
        124 Kevin           Mourgos         KMOURGOS   650.123.5234         16-NOV-99 ST_MAN           5800                       100            50                                                     
        141 Trenna          Rajs            TRAJS      650.121.8009         17-OCT-95 ST_CLERK         3500                       124            50                                                     
        142 Curtis          Davies          CDAVIES    650.121.2994         29-JAN-97 ST_CLERK         3100                       124            50                                                     
        143 Randall         Matos           RMATOS     650.121.2874         15-MAR-98 ST_CLERK         2600                       124            50                                                     
        144 Peter           Vargas                     650.121.2004         09-JUL-98 ST_CLERK         2500                       124            50                                                     
        149 Eleni           Zlotkey         EZLOTKEY   011.44.1344.429018   29-JAN-00 SA_MAN          10500             .2        100            80                                                     
        174 Ellen           Abel            EABEL      011.44.1644.429267   11-MAY-96 SA_REP          11000             .3        149            80                                                     
        176 Jonathon        Taylor          JTAYLOR    011.44.1644.429265   24-MAR-98 SA_REP           8600             .3        149            80                                                     
        178 Kimerely        Grant           KGRANT     011.44.1644.429263   24-MAY-99 SA_REP           7000            .15        149                                                                   
        200 Jennifer        Whalen          JWHALEN    515.123.4444         17-SEP-87 AD_ASST          4400                       101            10                                                     
        201 Michael         Hartstein       MHARTSTE   515.123.5555         17-FEB-96 MK_MAN          13000                       100            20                                                     
        202 Pat             Fay             PFAY       603.123.6666         17-AUG-97 MK_REP           6000                       201            20                                                     
        205 Shelley         Higgins         SHIGGINS   515.123.8080         07-JUN-94 AC_MGR          12000                       101           110                                                     
        206 William         Gietz           WGIETZ     515.123.8181         07-JUN-94 AC_ACCOUNT       8300                       205           110                                                     

20 rows selected.

SQL> REM 1 DISPLAY ROWS 7 TO 10 (DON'T USE 'FIRST' KEY WORD)
SQL> 
SQL> REM 2 DISPLAY ROWS 4 TO 14 (DON'T USE 'ROWS' AND 'ONLY' KEY WORDS)
SQL> 
SQL> REM 3 DISPLAY ROWS 9 TO 12 (USE FORMULA)
SQL> 
SQL> REM 4 DISPLAY ROWS EXCEPT FIRST 8 AND LAST 8. (USE FUNCTION)
SQL> 
SQL> REM 5 DISPLAY 9 ROWS STARTING WITH 15th ROW (USE FORMULA AND FUNCTION BOTH)
SQL> 
SQL> 
SQL> REM 1 DISPLAY ROWS 7 TO 10 (DON'T USE 'FIRST' KEY WORD)
SQL> 
SQL> SELECT * FROM EMPLOYEES OFFSET 6 ROWS FETCH NEXT 4 ROWS ONLY;

EMPLOYEE_ID FIRST_NAME      LAST_NAME       EMAIL      PHONE_NUMBER         HIRE_DATE JOB_ID         SALARY COMMISSION_PCT MANAGER_ID DEPARTMENT_ID                                                     
----------- --------------- --------------- ---------- -------------------- --------- ---------- ---------- -------------- ---------- -------------                                                     
        124 Kevin           Mourgos         KMOURGOS   650.123.5234         16-NOV-99 ST_MAN           5800                       100            50                                                     
        141 Trenna          Rajs            TRAJS      650.121.8009         17-OCT-95 ST_CLERK         3500                       124            50                                                     
        142 Curtis          Davies          CDAVIES    650.121.2994         29-JAN-97 ST_CLERK         3100                       124            50                                                     
        143 Randall         Matos           RMATOS     650.121.2874         15-MAR-98 ST_CLERK         2600                       124            50                                                     

SQL> REM 2 DISPLAY ROWS 4 TO 14 (DON'T USE 'ROWS' AND 'ONLY' KEY WORDS)
SQL> 
SQL> SELECT * FROM EMPLOYEES OFFSET 3 ROW FETCH NEXT 11 ROW WITH TIES;

EMPLOYEE_ID FIRST_NAME      LAST_NAME       EMAIL      PHONE_NUMBER         HIRE_DATE JOB_ID         SALARY COMMISSION_PCT MANAGER_ID DEPARTMENT_ID                                                     
----------- --------------- --------------- ---------- -------------------- --------- ---------- ---------- -------------- ---------- -------------                                                     
        103 Alexander       Hunold          AHUNOLD    590.423.4567         03-JAN-90 IT_PROG          9000                       102            60                                                     
        104 Bruce           Ernst           BERNST     590.423.4568         21-MAY-91 IT_PROG          6000                       103            60                                                     
        107 Diana           Lorentz         DLORENTZ   590.423.5567         07-FEB-99 IT_PROG          4200                       103            60                                                     
        124 Kevin           Mourgos         KMOURGOS   650.123.5234         16-NOV-99 ST_MAN           5800                       100            50                                                     
        141 Trenna          Rajs            TRAJS      650.121.8009         17-OCT-95 ST_CLERK         3500                       124            50                                                     
        142 Curtis          Davies          CDAVIES    650.121.2994         29-JAN-97 ST_CLERK         3100                       124            50                                                     
        143 Randall         Matos           RMATOS     650.121.2874         15-MAR-98 ST_CLERK         2600                       124            50                                                     
        144 Peter           Vargas                     650.121.2004         09-JUL-98 ST_CLERK         2500                       124            50                                                     
        149 Eleni           Zlotkey         EZLOTKEY   011.44.1344.429018   29-JAN-00 SA_MAN          10500             .2        100            80                                                     
        174 Ellen           Abel            EABEL      011.44.1644.429267   11-MAY-96 SA_REP          11000             .3        149            80                                                     
        176 Jonathon        Taylor          JTAYLOR    011.44.1644.429265   24-MAR-98 SA_REP           8600             .3        149            80                                                     

11 rows selected.

SQL> REM 3 DISPLAY ROWS 9 TO 12 (USE FORMULA)
SQL> 
SQL> SELECT * FROM EMPLOYEES OFFSET 4+4 ROWS FETCH NEXT 2*2 ROWS ONLY;

EMPLOYEE_ID FIRST_NAME      LAST_NAME       EMAIL      PHONE_NUMBER         HIRE_DATE JOB_ID         SALARY COMMISSION_PCT MANAGER_ID DEPARTMENT_ID                                                     
----------- --------------- --------------- ---------- -------------------- --------- ---------- ---------- -------------- ---------- -------------                                                     
        142 Curtis          Davies          CDAVIES    650.121.2994         29-JAN-97 ST_CLERK         3100                       124            50                                                     
        143 Randall         Matos           RMATOS     650.121.2874         15-MAR-98 ST_CLERK         2600                       124            50                                                     
        144 Peter           Vargas                     650.121.2004         09-JUL-98 ST_CLERK         2500                       124            50                                                     
        149 Eleni           Zlotkey         EZLOTKEY   011.44.1344.429018   29-JAN-00 SA_MAN          10500             .2        100            80                                                     

SQL> REM 4 DISPLAY ROWS EXCEPT FIRST 8 AND LAST 8. (USE FUNCTION)
SQL> 
SQL> SELECT * FROM EMPLOYEES OFFSET SQRT(64) ROWS FETCH NEXT POWER(64,1/2) ROWS ONLY;

EMPLOYEE_ID FIRST_NAME      LAST_NAME       EMAIL      PHONE_NUMBER         HIRE_DATE JOB_ID         SALARY COMMISSION_PCT MANAGER_ID DEPARTMENT_ID                                                     
----------- --------------- --------------- ---------- -------------------- --------- ---------- ---------- -------------- ---------- -------------                                                     
        142 Curtis          Davies          CDAVIES    650.121.2994         29-JAN-97 ST_CLERK         3100                       124            50                                                     
        143 Randall         Matos           RMATOS     650.121.2874         15-MAR-98 ST_CLERK         2600                       124            50                                                     
        144 Peter           Vargas                     650.121.2004         09-JUL-98 ST_CLERK         2500                       124            50                                                     
        149 Eleni           Zlotkey         EZLOTKEY   011.44.1344.429018   29-JAN-00 SA_MAN          10500             .2        100            80                                                     
        174 Ellen           Abel            EABEL      011.44.1644.429267   11-MAY-96 SA_REP          11000             .3        149            80                                                     
        176 Jonathon        Taylor          JTAYLOR    011.44.1644.429265   24-MAR-98 SA_REP           8600             .3        149            80                                                     
        178 Kimerely        Grant           KGRANT     011.44.1644.429263   24-MAY-99 SA_REP           7000            .15        149                                                                   
        200 Jennifer        Whalen          JWHALEN    515.123.4444         17-SEP-87 AD_ASST          4400                       101            10                                                     

8 rows selected.

SQL> SELECT * FROM EMPLOYEES OFFSET SQRT(64) ROWS FETCH NEXT POWER(16,1/2) ROWS ONLY;

EMPLOYEE_ID FIRST_NAME      LAST_NAME       EMAIL      PHONE_NUMBER         HIRE_DATE JOB_ID         SALARY COMMISSION_PCT MANAGER_ID DEPARTMENT_ID                                                     
----------- --------------- --------------- ---------- -------------------- --------- ---------- ---------- -------------- ---------- -------------                                                     
        142 Curtis          Davies          CDAVIES    650.121.2994         29-JAN-97 ST_CLERK         3100                       124            50                                                     
        143 Randall         Matos           RMATOS     650.121.2874         15-MAR-98 ST_CLERK         2600                       124            50                                                     
        144 Peter           Vargas                     650.121.2004         09-JUL-98 ST_CLERK         2500                       124            50                                                     
        149 Eleni           Zlotkey         EZLOTKEY   011.44.1344.429018   29-JAN-00 SA_MAN          10500             .2        100            80                                                     

SQL> REM 5 DISPLAY 9 ROWS STARTING WITH 15th ROW (USE FORMULA AND FUNCTION BOTH)
SQL> 
SQL> SELECT * FROM EMPLOYEES OFFSET 7*2 ROWS FETCH NEXT SQRT(81) ROWS WITH TIES;

EMPLOYEE_ID FIRST_NAME      LAST_NAME       EMAIL      PHONE_NUMBER         HIRE_DATE JOB_ID         SALARY COMMISSION_PCT MANAGER_ID DEPARTMENT_ID                                                     
----------- --------------- --------------- ---------- -------------------- --------- ---------- ---------- -------------- ---------- -------------                                                     
        178 Kimerely        Grant           KGRANT     011.44.1644.429263   24-MAY-99 SA_REP           7000            .15        149                                                                   
        200 Jennifer        Whalen          JWHALEN    515.123.4444         17-SEP-87 AD_ASST          4400                       101            10                                                     
        201 Michael         Hartstein       MHARTSTE   515.123.5555         17-FEB-96 MK_MAN          13000                       100            20                                                     
        202 Pat             Fay             PFAY       603.123.6666         17-AUG-97 MK_REP           6000                       201            20                                                     
        205 Shelley         Higgins         SHIGGINS   515.123.8080         07-JUN-94 AC_MGR          12000                       101           110                                                     
        206 William         Gietz           WGIETZ     515.123.8181         07-JUN-94 AC_ACCOUNT       8300                       205           110                                                     

6 rows selected.

SQL> SELECT DEPARTMENT_ID , FIRST_NAME FROM EMPLOYEES;

DEPARTMENT_ID FIRST_NAME                                                                                                                                                                                
------------- ---------------                                                                                                                                                                           
           90 Steven                                                                                                                                                                                    
           90 Neena                                                                                                                                                                                     
           90 Lex                                                                                                                                                                                       
           60 Alexander                                                                                                                                                                                 
           60 Bruce                                                                                                                                                                                     
           60 Diana                                                                                                                                                                                     
           50 Kevin                                                                                                                                                                                     
           50 Trenna                                                                                                                                                                                    
           50 Curtis                                                                                                                                                                                    
           50 Randall                                                                                                                                                                                   
           50 Peter                                                                                                                                                                                     
           80 Eleni                                                                                                                                                                                     
           80 Ellen                                                                                                                                                                                     
           80 Jonathon                                                                                                                                                                                  
              Kimerely                                                                                                                                                                                  
           10 Jennifer                                                                                                                                                                                  
           20 Michael                                                                                                                                                                                   
           20 Pat                                                                                                                                                                                       
          110 Shelley                                                                                                                                                                                   
          110 William                                                                                                                                                                                   

20 rows selected.

SQL> SELECT DEPARTMENT_ID , FIRST_NAME FROM EMPLOYEES OFFSET 4 ROWS FETCH NEXT 5 ROWS ONLY;

DEPARTMENT_ID FIRST_NAME                                                                                                                                                                                
------------- ---------------                                                                                                                                                                           
           60 Bruce                                                                                                                                                                                     
           60 Diana                                                                                                                                                                                     
           50 Kevin                                                                                                                                                                                     
           50 Trenna                                                                                                                                                                                    
           50 Curtis                                                                                                                                                                                    

SQL> SELECT DEPARTMENT_ID , FIRST_NAME FROM EMPLOYEES ORDER BY 1;

DEPARTMENT_ID FIRST_NAME                                                                                                                                                                                
------------- ---------------                                                                                                                                                                           
           10 Jennifer                                                                                                                                                                                  
           20 Michael                                                                                                                                                                                   
           20 Pat                                                                                                                                                                                       
           50 Kevin                                                                                                                                                                                     
           50 Peter                                                                                                                                                                                     
           50 Randall                                                                                                                                                                                   
           50 Curtis                                                                                                                                                                                    
           50 Trenna                                                                                                                                                                                    
           60 Diana                                                                                                                                                                                     
           60 Bruce                                                                                                                                                                                     
           60 Alexander                                                                                                                                                                                 
           80 Ellen                                                                                                                                                                                     
           80 Eleni                                                                                                                                                                                     
           80 Jonathon                                                                                                                                                                                  
           90 Lex                                                                                                                                                                                       
           90 Steven                                                                                                                                                                                    
           90 Neena                                                                                                                                                                                     
          110 William                                                                                                                                                                                   
          110 Shelley                                                                                                                                                                                   
              Kimerely                                                                                                                                                                                  

20 rows selected.

SQL> SELECT DEPARTMENT_ID , FIRST_NAME FROM EMPLOYEES ORDER BY 1 OFFSET 4 ROWS FETCH NEXT 6 ROWS ONLY;

DEPARTMENT_ID FIRST_NAME                                                                                                                                                                                
------------- ---------------                                                                                                                                                                           
           50 Peter                                                                                                                                                                                     
           50 Randall                                                                                                                                                                                   
           50 Curtis                                                                                                                                                                                    
           50 Trenna                                                                                                                                                                                    
           60 Alexander                                                                                                                                                                                 
           60 Bruce                                                                                                                                                                                     

6 rows selected.

SQL> SELECT DEPARTMENT_ID , FIRST_NAME FROM EMPLOYEES ORDER BY 1 OFFSET 4 ROWS FETCH NEXT 8 ROWS ONLY
  2  
SQL> 
SQL> REM 50 4 R
SQL> 
SQL> REM 60 3 F
SQL> 
SQL> REM 80 1 R
SQL> 
SQL> SELECT DEPARTMENT_ID , FIRST_NAME FROM EMPLOYEES ORDER BY 1 OFFSET 4 ROWS FETCH NEXT 8 ROWS ONLY;

DEPARTMENT_ID FIRST_NAME                                                                                                                                                                                
------------- ---------------                                                                                                                                                                           
           50 Peter                                                                                                                                                                                     
           50 Randall                                                                                                                                                                                   
           50 Curtis                                                                                                                                                                                    
           50 Trenna                                                                                                                                                                                    
           60 Alexander                                                                                                                                                                                 
           60 Diana                                                                                                                                                                                     
           60 Bruce                                                                                                                                                                                     
           80 Eleni                                                                                                                                                                                     

8 rows selected.

SQL> SELECT MANAGER_ID , LAST_NAME FROM EMPLOYEES;

MANAGER_ID LAST_NAME                                                                                                                                                                                    
---------- ---------------                                                                                                                                                                              
           King                                                                                                                                                                                         
       100 Kochhar                                                                                                                                                                                      
       100 De Haan                                                                                                                                                                                      
       102 Hunold                                                                                                                                                                                       
       103 Ernst                                                                                                                                                                                        
       103 Lorentz                                                                                                                                                                                      
       100 Mourgos                                                                                                                                                                                      
       124 Rajs                                                                                                                                                                                         
       124 Davies                                                                                                                                                                                       
       124 Matos                                                                                                                                                                                        
       124 Vargas                                                                                                                                                                                       
       100 Zlotkey                                                                                                                                                                                      
       149 Abel                                                                                                                                                                                         
       149 Taylor                                                                                                                                                                                       
       149 Grant                                                                                                                                                                                        
       101 Whalen                                                                                                                                                                                       
       100 Hartstein                                                                                                                                                                                    
       201 Fay                                                                                                                                                                                          
       101 Higgins                                                                                                                                                                                      
       205 Gietz                                                                                                                                                                                        

20 rows selected.

SQL> SELECT MANAGER_ID , LAST_NAME FROM EMPLOYEES ORDER BY 1;

MANAGER_ID LAST_NAME                                                                                                                                                                                    
---------- ---------------                                                                                                                                                                              
       100 Hartstein                                                                                                                                                                                    
       100 Kochhar                                                                                                                                                                                      
       100 De Haan                                                                                                                                                                                      
       100 Zlotkey                                                                                                                                                                                      
       100 Mourgos                                                                                                                                                                                      
       101 Higgins                                                                                                                                                                                      
       101 Whalen                                                                                                                                                                                       
       102 Hunold                                                                                                                                                                                       
       103 Ernst                                                                                                                                                                                        
       103 Lorentz                                                                                                                                                                                      
       124 Davies                                                                                                                                                                                       
       124 Matos                                                                                                                                                                                        
       124 Vargas                                                                                                                                                                                       
       124 Rajs                                                                                                                                                                                         
       149 Grant                                                                                                                                                                                        
       149 Abel                                                                                                                                                                                         
       149 Taylor                                                                                                                                                                                       
       201 Fay                                                                                                                                                                                          
       205 Gietz                                                                                                                                                                                        
           King                                                                                                                                                                                         

20 rows selected.

SQL> SELECT MANAGER_ID , LAST_NAME FROM EMPLOYEES ORDER BY 1 OFFSET 3 ROWS FETCH NEXT 6 ROWS ONLY;

MANAGER_ID LAST_NAME                                                                                                                                                                                    
---------- ---------------                                                                                                                                                                              
       100 Mourgos                                                                                                                                                                                      
       100 De Haan                                                                                                                                                                                      
       101 Whalen                                                                                                                                                                                       
       101 Higgins                                                                                                                                                                                      
       102 Hunold                                                                                                                                                                                       
       103 Ernst                                                                                                                                                                                        

6 rows selected.

SQL> 
SQL> REM 100 2 R
SQL> 
SQL> REM 101 2 F
SQL> 
SQL> REM 102 1 F
SQL> 
SQL> REM 103 1 R
SQL> 
SQL> SELECT * FROM EMPLOYEES ORDER BY 1;

EMPLOYEE_ID FIRST_NAME      LAST_NAME       EMAIL      PHONE_NUMBER         HIRE_DATE JOB_ID         SALARY COMMISSION_PCT MANAGER_ID DEPARTMENT_ID                                                     
----------- --------------- --------------- ---------- -------------------- --------- ---------- ---------- -------------- ---------- -------------                                                     
        100 Steven          King            SKING      515.123.4567         17-JUL-87 AD_PRES         24000                                      90                                                     
        101 Neena           Kochhar         NKOCHHAR   515.123.4568         21-SEP-89 AD_VP           17000                       100            90                                                     
        102 Lex             De Haan         LDEHAAN    515.123.4569         13-JAN-93 AD_VP           17000                       100            90                                                     
        103 Alexander       Hunold          AHUNOLD    590.423.4567         03-JAN-90 IT_PROG          9000                       102            60                                                     
        104 Bruce           Ernst           BERNST     590.423.4568         21-MAY-91 IT_PROG          6000                       103            60                                                     
        107 Diana           Lorentz         DLORENTZ   590.423.5567         07-FEB-99 IT_PROG          4200                       103            60                                                     
        124 Kevin           Mourgos         KMOURGOS   650.123.5234         16-NOV-99 ST_MAN           5800                       100            50                                                     
        141 Trenna          Rajs            TRAJS      650.121.8009         17-OCT-95 ST_CLERK         3500                       124            50                                                     
        142 Curtis          Davies          CDAVIES    650.121.2994         29-JAN-97 ST_CLERK         3100                       124            50                                                     
        143 Randall         Matos           RMATOS     650.121.2874         15-MAR-98 ST_CLERK         2600                       124            50                                                     
        144 Peter           Vargas                     650.121.2004         09-JUL-98 ST_CLERK         2500                       124            50                                                     
        149 Eleni           Zlotkey         EZLOTKEY   011.44.1344.429018   29-JAN-00 SA_MAN          10500             .2        100            80                                                     
        174 Ellen           Abel            EABEL      011.44.1644.429267   11-MAY-96 SA_REP          11000             .3        149            80                                                     
        176 Jonathon        Taylor          JTAYLOR    011.44.1644.429265   24-MAR-98 SA_REP           8600             .3        149            80                                                     
        178 Kimerely        Grant           KGRANT     011.44.1644.429263   24-MAY-99 SA_REP           7000            .15        149                                                                   
        200 Jennifer        Whalen          JWHALEN    515.123.4444         17-SEP-87 AD_ASST          4400                       101            10                                                     
        201 Michael         Hartstein       MHARTSTE   515.123.5555         17-FEB-96 MK_MAN          13000                       100            20                                                     
        202 Pat             Fay             PFAY       603.123.6666         17-AUG-97 MK_REP           6000                       201            20                                                     
        205 Shelley         Higgins         SHIGGINS   515.123.8080         07-JUN-94 AC_MGR          12000                       101           110                                                     
        206 William         Gietz           WGIETZ     515.123.8181         07-JUN-94 AC_ACCOUNT       8300                       205           110                                                     

20 rows selected.

SQL> SELECT DEPARTMENT_ID , LAST_NAME FROM EMPLOYEES ORDER BY 1;

DEPARTMENT_ID LAST_NAME                                                                                                                                                                                 
------------- ---------------                                                                                                                                                                           
           10 Whalen                                                                                                                                                                                    
           20 Hartstein                                                                                                                                                                                 
           20 Fay                                                                                                                                                                                       
           50 Mourgos                                                                                                                                                                                   
           50 Vargas                                                                                                                                                                                    
           50 Matos                                                                                                                                                                                     
           50 Davies                                                                                                                                                                                    
           50 Rajs                                                                                                                                                                                      
           60 Lorentz                                                                                                                                                                                   
           60 Ernst                                                                                                                                                                                     
           60 Hunold                                                                                                                                                                                    
           80 Abel                                                                                                                                                                                      
           80 Zlotkey                                                                                                                                                                                   
           80 Taylor                                                                                                                                                                                    
           90 De Haan                                                                                                                                                                                   
           90 King                                                                                                                                                                                      
           90 Kochhar                                                                                                                                                                                   
          110 Gietz                                                                                                                                                                                     
          110 Higgins                                                                                                                                                                                   
              Grant                                                                                                                                                                                     

20 rows selected.

SQL> SELECT DEPARTMENT_ID , LAST_NAME FROM EMPLOYEES ORDER BY 1 OFFSET 5 ROWS FETCH NEXT 4 ROWS ONLY;

DEPARTMENT_ID LAST_NAME                                                                                                                                                                                 
------------- ---------------                                                                                                                                                                           
           50 Matos                                                                                                                                                                                     
           50 Davies                                                                                                                                                                                    
           50 Rajs                                                                                                                                                                                      
           60 Hunold                                                                                                                                                                                    

SQL> SELECT DEPARTMENT_ID , LAST_NAME FROM EMPLOYEES ORDER BY 1 OFFSET 5 ROWS FETCH NEXT 4 ROWS WITH TIES;

DEPARTMENT_ID LAST_NAME                                                                                                                                                                                 
------------- ---------------                                                                                                                                                                           
           50 Matos                                                                                                                                                                                     
           50 Davies                                                                                                                                                                                    
           50 Rajs                                                                                                                                                                                      
           60 Hunold                                                                                                                                                                                    
           60 Lorentz                                                                                                                                                                                   
           60 Ernst                                                                                                                                                                                     

6 rows selected.

SQL> SELECT DEPARTMENT_ID , LAST_NAME FROM EMPLOYEES ORDER BY 1 OFFSET 5 ROWS FETCH NEXT 6 ROWS WITH TIES;

DEPARTMENT_ID LAST_NAME                                                                                                                                                                                 
------------- ---------------                                                                                                                                                                           
           50 Matos                                                                                                                                                                                     
           50 Davies                                                                                                                                                                                    
           50 Rajs                                                                                                                                                                                      
           60 Hunold                                                                                                                                                                                    
           60 Lorentz                                                                                                                                                                                   
           60 Ernst                                                                                                                                                                                     

6 rows selected.

SQL> SELECT MANAGER_ID , LAST_NAME FROM EMPLOYEES ORDER BY 1;

MANAGER_ID LAST_NAME                                                                                                                                                                                    
---------- ---------------                                                                                                                                                                              
       100 Hartstein                                                                                                                                                                                    
       100 Kochhar                                                                                                                                                                                      
       100 De Haan                                                                                                                                                                                      
       100 Zlotkey                                                                                                                                                                                      
       100 Mourgos                                                                                                                                                                                      
       101 Higgins                                                                                                                                                                                      
       101 Whalen                                                                                                                                                                                       
       102 Hunold                                                                                                                                                                                       
       103 Ernst                                                                                                                                                                                        
       103 Lorentz                                                                                                                                                                                      
       124 Davies                                                                                                                                                                                       
       124 Matos                                                                                                                                                                                        
       124 Vargas                                                                                                                                                                                       
       124 Rajs                                                                                                                                                                                         
       149 Grant                                                                                                                                                                                        
       149 Abel                                                                                                                                                                                         
       149 Taylor                                                                                                                                                                                       
       201 Fay                                                                                                                                                                                          
       205 Gietz                                                                                                                                                                                        
           King                                                                                                                                                                                         

20 rows selected.

SQL> SELECT MANAGER_ID , LAST_NAME FROM EMPLOYEES ORDER BY 1 OFFSET 3 ROWS FETCH NEXT 3 ROWS WITH TIES;

MANAGER_ID LAST_NAME                                                                                                                                                                                    
---------- ---------------                                                                                                                                                                              
       100 Mourgos                                                                                                                                                                                      
       100 De Haan                                                                                                                                                                                      
       101 Whalen                                                                                                                                                                                       
       101 Higgins                                                                                                                                                                                      

SQL> SELECT JOB_ID , EMAIL FROM EMPLOYEES ORDER BY 1;

JOB_ID     EMAIL                                                                                                                                                                                        
---------- ----------                                                                                                                                                                                   
AC_ACCOUNT WGIETZ                                                                                                                                                                                       
AC_MGR     SHIGGINS                                                                                                                                                                                     
AD_ASST    JWHALEN                                                                                                                                                                                      
AD_PRES    SKING                                                                                                                                                                                        
AD_VP      LDEHAAN                                                                                                                                                                                      
AD_VP      NKOCHHAR                                                                                                                                                                                     
IT_PROG    AHUNOLD                                                                                                                                                                                      
IT_PROG    BERNST                                                                                                                                                                                       
IT_PROG    DLORENTZ                                                                                                                                                                                     
MK_MAN     MHARTSTE                                                                                                                                                                                     
MK_REP     PFAY                                                                                                                                                                                         
SA_MAN     EZLOTKEY                                                                                                                                                                                     
SA_REP     EABEL                                                                                                                                                                                        
SA_REP     KGRANT                                                                                                                                                                                       
SA_REP     JTAYLOR                                                                                                                                                                                      
ST_CLERK   RMATOS                                                                                                                                                                                       
ST_CLERK   CDAVIES                                                                                                                                                                                      
ST_CLERK   TRAJS                                                                                                                                                                                        
ST_CLERK                                                                                                                                                                                                
ST_MAN     KMOURGOS                                                                                                                                                                                     

20 rows selected.

SQL> SELECT JOB_ID , EMAIL FROM EMPLOYEES ORDER BY 1 OFFSET 5 ROWS FETCH NEXT 2 ROWS WITH TIES;

JOB_ID     EMAIL                                                                                                                                                                                        
---------- ----------                                                                                                                                                                                   
AD_VP      LDEHAAN                                                                                                                                                                                      
IT_PROG    AHUNOLD                                                                                                                                                                                      
IT_PROG    BERNST                                                                                                                                                                                       
IT_PROG    DLORENTZ                                                                                                                                                                                     

SQL> 
SQL> SELECT DEPARTMENT_ID , MANAGER_ID , EMAIL FROM EMPLOYEES ORDER BY 1,2;

DEPARTMENT_ID MANAGER_ID EMAIL                                                                                                                                                                          
------------- ---------- ----------                                                                                                                                                                     
           10        101 JWHALEN                                                                                                                                                                        
           20        100 MHARTSTE                                                                                                                                                                       
           20        201 PFAY                                                                                                                                                                           
           50        100 KMOURGOS                                                                                                                                                                       
           50        124 CDAVIES                                                                                                                                                                        
           50        124                                                                                                                                                                                
           50        124 RMATOS                                                                                                                                                                         
           50        124 TRAJS                                                                                                                                                                          
           60        102 AHUNOLD                                                                                                                                                                        
           60        103 DLORENTZ                                                                                                                                                                       
           60        103 BERNST                                                                                                                                                                         
           80        100 EZLOTKEY                                                                                                                                                                       
           80        149 EABEL                                                                                                                                                                          
           80        149 JTAYLOR                                                                                                                                                                        
           90        100 LDEHAAN                                                                                                                                                                        
           90        100 NKOCHHAR                                                                                                                                                                       
           90            SKING                                                                                                                                                                          
          110        101 SHIGGINS                                                                                                                                                                       
          110        205 WGIETZ                                                                                                                                                                         
                     149 KGRANT                                                                                                                                                                         

20 rows selected.

SQL> SELECT DEPARTMENT_ID , MANAGER_ID , EMAIL FROM EMPLOYEES ORDER BY 1,2 OFFSET 6 ROWS FETCH NEXT 3 ROWS WITHTIES;
SELECT DEPARTMENT_ID , MANAGER_ID , EMAIL FROM EMPLOYEES ORDER BY 1,2 OFFSET 6 ROWS FETCH NEXT 3 ROWS WITHTIES
                                                                                                      *
ERROR at line 1:
ORA-00905: missing keyword 


SQL> SELECT DEPARTMENT_ID , MANAGER_ID , EMAIL FROM EMPLOYEES ORDER BY 1,2 OFFSET 6 ROWS FETCH NEXT 3 ROWS WITH TIES;

DEPARTMENT_ID MANAGER_ID EMAIL                                                                                                                                                                          
------------- ---------- ----------                                                                                                                                                                     
           50        124 RMATOS                                                                                                                                                                         
           50        124 CDAVIES                                                                                                                                                                        
           60        102 AHUNOLD                                                                                                                                                                        

SQL> SELECT DEPARTMENT_ID , MANAGER_ID , EMAIL FROM EMPLOYEES ORDER BY 1,2 OFFSET 6 ROWS FETCH NEXT 4 ROWS WITH TIES;

DEPARTMENT_ID MANAGER_ID EMAIL                                                                                                                                                                          
------------- ---------- ----------                                                                                                                                                                     
           50        124 RMATOS                                                                                                                                                                         
           50        124 CDAVIES                                                                                                                                                                        
           60        102 AHUNOLD                                                                                                                                                                        
           60        103 BERNST                                                                                                                                                                         
           60        103 DLORENTZ                                                                                                                                                                       

SQL> SELECT * FROM EMPLOYEES;

EMPLOYEE_ID FIRST_NAME      LAST_NAME       EMAIL      PHONE_NUMBER         HIRE_DATE JOB_ID         SALARY COMMISSION_PCT MANAGER_ID DEPARTMENT_ID                                                     
----------- --------------- --------------- ---------- -------------------- --------- ---------- ---------- -------------- ---------- -------------                                                     
        100 Steven          King            SKING      515.123.4567         17-JUL-87 AD_PRES         24000                                      90                                                     
        101 Neena           Kochhar         NKOCHHAR   515.123.4568         21-SEP-89 AD_VP           17000                       100            90                                                     
        102 Lex             De Haan         LDEHAAN    515.123.4569         13-JAN-93 AD_VP           17000                       100            90                                                     
        103 Alexander       Hunold          AHUNOLD    590.423.4567         03-JAN-90 IT_PROG          9000                       102            60                                                     
        104 Bruce           Ernst           BERNST     590.423.4568         21-MAY-91 IT_PROG          6000                       103            60                                                     
        107 Diana           Lorentz         DLORENTZ   590.423.5567         07-FEB-99 IT_PROG          4200                       103            60                                                     
        124 Kevin           Mourgos         KMOURGOS   650.123.5234         16-NOV-99 ST_MAN           5800                       100            50                                                     
        141 Trenna          Rajs            TRAJS      650.121.8009         17-OCT-95 ST_CLERK         3500                       124            50                                                     
        142 Curtis          Davies          CDAVIES    650.121.2994         29-JAN-97 ST_CLERK         3100                       124            50                                                     
        143 Randall         Matos           RMATOS     650.121.2874         15-MAR-98 ST_CLERK         2600                       124            50                                                     
        144 Peter           Vargas                     650.121.2004         09-JUL-98 ST_CLERK         2500                       124            50                                                     
        149 Eleni           Zlotkey         EZLOTKEY   011.44.1344.429018   29-JAN-00 SA_MAN          10500             .2        100            80                                                     
        174 Ellen           Abel            EABEL      011.44.1644.429267   11-MAY-96 SA_REP          11000             .3        149            80                                                     
        176 Jonathon        Taylor          JTAYLOR    011.44.1644.429265   24-MAR-98 SA_REP           8600             .3        149            80                                                     
        178 Kimerely        Grant           KGRANT     011.44.1644.429263   24-MAY-99 SA_REP           7000            .15        149                                                                   
        200 Jennifer        Whalen          JWHALEN    515.123.4444         17-SEP-87 AD_ASST          4400                       101            10                                                     
        201 Michael         Hartstein       MHARTSTE   515.123.5555         17-FEB-96 MK_MAN          13000                       100            20                                                     
        202 Pat             Fay             PFAY       603.123.6666         17-AUG-97 MK_REP           6000                       201            20                                                     
        205 Shelley         Higgins         SHIGGINS   515.123.8080         07-JUN-94 AC_MGR          12000                       101           110                                                     
        206 William         Gietz           WGIETZ     515.123.8181         07-JUN-94 AC_ACCOUNT       8300                       205           110                                                     

20 rows selected.

SQL> REM 1 DISPLAY ALL ROWS EXCEPT LAST 15 ROWS
SQL> 
SQL> REM 2 DISPLAY MIDDLE 10 ROWS
SQL> 
SQL> REM 3 DISPLAY ALL ROWS OTHER THAN FIRST 7
SQL> 
SQL> REM 4 DISPLAY ROWS BETWEEN 8 AND 15
SQL> 
SQL> REM 5 DISPLAY DEPARTMENT_ID , JOB_ID , FIRST_NAME. DISPLAY 5 OR MORE ROWS IF DUPLICATE.
SQL> 
SQL> 
SQL> REM 5 DISPLAY DEPARTMENT_ID , JOB_ID , FIRST_NAME. SORT ON FIRST TWO COLUMNS. DISPLAY 5 OR MORE ROWS IF DUPLICATE.
SQL> 
SQL> 
SQL> 
SQL> REM 1 DISPLAY ALL ROWS EXCEPT LAST 15 ROWS
SQL> 
SQL> SELECT * FROM EMPLOYEES FETCH FIRST 5 ROWS ONLY;

EMPLOYEE_ID FIRST_NAME      LAST_NAME       EMAIL      PHONE_NUMBER         HIRE_DATE JOB_ID         SALARY COMMISSION_PCT MANAGER_ID DEPARTMENT_ID                                                     
----------- --------------- --------------- ---------- -------------------- --------- ---------- ---------- -------------- ---------- -------------                                                     
        100 Steven          King            SKING      515.123.4567         17-JUL-87 AD_PRES         24000                                      90                                                     
        101 Neena           Kochhar         NKOCHHAR   515.123.4568         21-SEP-89 AD_VP           17000                       100            90                                                     
        102 Lex             De Haan         LDEHAAN    515.123.4569         13-JAN-93 AD_VP           17000                       100            90                                                     
        103 Alexander       Hunold          AHUNOLD    590.423.4567         03-JAN-90 IT_PROG          9000                       102            60                                                     
        104 Bruce           Ernst           BERNST     590.423.4568         21-MAY-91 IT_PROG          6000                       103            60                                                     

SQL> REM 2 DISPLAY MIDDLE 10 ROWS
SQL> 
SQL> SELECT * FROM EMPLOYEES OFFSET 5 ROWS FETCH NEXT 10 ROWS ONLY;

EMPLOYEE_ID FIRST_NAME      LAST_NAME       EMAIL      PHONE_NUMBER         HIRE_DATE JOB_ID         SALARY COMMISSION_PCT MANAGER_ID DEPARTMENT_ID                                                     
----------- --------------- --------------- ---------- -------------------- --------- ---------- ---------- -------------- ---------- -------------                                                     
        107 Diana           Lorentz         DLORENTZ   590.423.5567         07-FEB-99 IT_PROG          4200                       103            60                                                     
        124 Kevin           Mourgos         KMOURGOS   650.123.5234         16-NOV-99 ST_MAN           5800                       100            50                                                     
        141 Trenna          Rajs            TRAJS      650.121.8009         17-OCT-95 ST_CLERK         3500                       124            50                                                     
        142 Curtis          Davies          CDAVIES    650.121.2994         29-JAN-97 ST_CLERK         3100                       124            50                                                     
        143 Randall         Matos           RMATOS     650.121.2874         15-MAR-98 ST_CLERK         2600                       124            50                                                     
        144 Peter           Vargas                     650.121.2004         09-JUL-98 ST_CLERK         2500                       124            50                                                     
        149 Eleni           Zlotkey         EZLOTKEY   011.44.1344.429018   29-JAN-00 SA_MAN          10500             .2        100            80                                                     
        174 Ellen           Abel            EABEL      011.44.1644.429267   11-MAY-96 SA_REP          11000             .3        149            80                                                     
        176 Jonathon        Taylor          JTAYLOR    011.44.1644.429265   24-MAR-98 SA_REP           8600             .3        149            80                                                     
        178 Kimerely        Grant           KGRANT     011.44.1644.429263   24-MAY-99 SA_REP           7000            .15        149                                                                   

10 rows selected.

SQL> REM 3 DISPLAY ALL ROWS OTHER THAN FIRST 7
SQL> 
SQL> SELECT * FROM EMPLOYEES OFFSET 7 ROWS;

EMPLOYEE_ID FIRST_NAME      LAST_NAME       EMAIL      PHONE_NUMBER         HIRE_DATE JOB_ID         SALARY COMMISSION_PCT MANAGER_ID DEPARTMENT_ID                                                     
----------- --------------- --------------- ---------- -------------------- --------- ---------- ---------- -------------- ---------- -------------                                                     
        141 Trenna          Rajs            TRAJS      650.121.8009         17-OCT-95 ST_CLERK         3500                       124            50                                                     
        142 Curtis          Davies          CDAVIES    650.121.2994         29-JAN-97 ST_CLERK         3100                       124            50                                                     
        143 Randall         Matos           RMATOS     650.121.2874         15-MAR-98 ST_CLERK         2600                       124            50                                                     
        144 Peter           Vargas                     650.121.2004         09-JUL-98 ST_CLERK         2500                       124            50                                                     
        149 Eleni           Zlotkey         EZLOTKEY   011.44.1344.429018   29-JAN-00 SA_MAN          10500             .2        100            80                                                     
        174 Ellen           Abel            EABEL      011.44.1644.429267   11-MAY-96 SA_REP          11000             .3        149            80                                                     
        176 Jonathon        Taylor          JTAYLOR    011.44.1644.429265   24-MAR-98 SA_REP           8600             .3        149            80                                                     
        178 Kimerely        Grant           KGRANT     011.44.1644.429263   24-MAY-99 SA_REP           7000            .15        149                                                                   
        200 Jennifer        Whalen          JWHALEN    515.123.4444         17-SEP-87 AD_ASST          4400                       101            10                                                     
        201 Michael         Hartstein       MHARTSTE   515.123.5555         17-FEB-96 MK_MAN          13000                       100            20                                                     
        202 Pat             Fay             PFAY       603.123.6666         17-AUG-97 MK_REP           6000                       201            20                                                     
        205 Shelley         Higgins         SHIGGINS   515.123.8080         07-JUN-94 AC_MGR          12000                       101           110                                                     
        206 William         Gietz           WGIETZ     515.123.8181         07-JUN-94 AC_ACCOUNT       8300                       205           110                                                     

13 rows selected.

SQL> REM 5 DISPLAY DEPARTMENT_ID , JOB_ID , FIRST_NAME. DISPLAY 5 OR MORE ROWS IF DUPLICATE.
SQL> 
SQL> REM 4 DISPLAY ROWS BETWEEN 8 AND 15
SQL> 
SQL> SELECT * FROM EMPLOYEES OFFSET 7 ROWS FETCH NEXT 8 ROWS ONLY;

EMPLOYEE_ID FIRST_NAME      LAST_NAME       EMAIL      PHONE_NUMBER         HIRE_DATE JOB_ID         SALARY COMMISSION_PCT MANAGER_ID DEPARTMENT_ID                                                     
----------- --------------- --------------- ---------- -------------------- --------- ---------- ---------- -------------- ---------- -------------                                                     
        141 Trenna          Rajs            TRAJS      650.121.8009         17-OCT-95 ST_CLERK         3500                       124            50                                                     
        142 Curtis          Davies          CDAVIES    650.121.2994         29-JAN-97 ST_CLERK         3100                       124            50                                                     
        143 Randall         Matos           RMATOS     650.121.2874         15-MAR-98 ST_CLERK         2600                       124            50                                                     
        144 Peter           Vargas                     650.121.2004         09-JUL-98 ST_CLERK         2500                       124            50                                                     
        149 Eleni           Zlotkey         EZLOTKEY   011.44.1344.429018   29-JAN-00 SA_MAN          10500             .2        100            80                                                     
        174 Ellen           Abel            EABEL      011.44.1644.429267   11-MAY-96 SA_REP          11000             .3        149            80                                                     
        176 Jonathon        Taylor          JTAYLOR    011.44.1644.429265   24-MAR-98 SA_REP           8600             .3        149            80                                                     
        178 Kimerely        Grant           KGRANT     011.44.1644.429263   24-MAY-99 SA_REP           7000            .15        149                                                                   

8 rows selected.

SQL> REM 5 DISPLAY DEPARTMENT_ID , JOB_ID , FIRST_NAME. DISPLAY 5 OR MORE ROWS IF DUPLICATE.
SQL> 
SQL> SELECT DEPARTMENT_ID , JOB_ID , FIRST_NAME FROM EMPLOYEES ORDER BY 1,2 FETCH NEXT 5 ROWS WITH TIES;

DEPARTMENT_ID JOB_ID     FIRST_NAME                                                                                                                                                                     
------------- ---------- ---------------                                                                                                                                                                
           10 AD_ASST    Jennifer                                                                                                                                                                       
           20 MK_MAN     Michael                                                                                                                                                                        
           20 MK_REP     Pat                                                                                                                                                                            
           50 ST_CLERK   Trenna                                                                                                                                                                         
           50 ST_CLERK   Peter                                                                                                                                                                          
           50 ST_CLERK   Randall                                                                                                                                                                        
           50 ST_CLERK   Curtis                                                                                                                                                                         

7 rows selected.

SQL> SPOOL OFF
