SQL> 
SQL> REM CONDITIONAL FUNCTIONS :
SQL> 
SQL> REM LIST OF CONDITIONAL FUNCTIONS : 1 DECODE 2 CASE (TWO SYNTAXES)
SQL> 
SQL> REM DECODE AND CASE 1st SYNTAX CAN PERFORM ONLY EQUALITY COMPARISON.
SQL> 
SQL> 
SQL> REM COMPANY DECLARES +2000 INCREMENT TO ALL EMPLOYEES
SQL> 
SQL> SELECT FIRST_NAME , SALARY , SALARY + 2000 NEW_SALARY FROM EMPLOYEES;

FIRST_NAME          SALARY NEW_SALARY                                                                                                                                                                                                                                                                       
--------------- ---------- ----------                                                                                                                                                                                                                                                                       
Steven               24000      26000                                                                                                                                                                                                                                                                       
Neena                17000      19000                                                                                                                                                                                                                                                                       
Lex                  17000      19000                                                                                                                                                                                                                                                                       
Alexander             9000      11000                                                                                                                                                                                                                                                                       
Bruce                 6000       8000                                                                                                                                                                                                                                                                       
Diana                 4200       6200                                                                                                                                                                                                                                                                       
Kevin                 5800       7800                                                                                                                                                                                                                                                                       
Trenna                3500       5500                                                                                                                                                                                                                                                                       
Curtis                3100       5100                                                                                                                                                                                                                                                                       
Randall               2600       4600                                                                                                                                                                                                                                                                       
Peter                 2500       4500                                                                                                                                                                                                                                                                       
Eleni                10500      12500                                                                                                                                                                                                                                                                       
Ellen                11000      13000                                                                                                                                                                                                                                                                       
Jonathon              8600      10600                                                                                                                                                                                                                                                                       
Kimerely              7000       9000                                                                                                                                                                                                                                                                       
Jennifer              4400       6400                                                                                                                                                                                                                                                                       
Michael              13000      15000                                                                                                                                                                                                                                                                       
Pat                   6000       8000                                                                                                                                                                                                                                                                       
Shelley              12000      14000                                                                                                                                                                                                                                                                       
William               8300      10300                                                                                                                                                                                                                                                                       

20 rows selected.

SQL> REM COMPANY DECLARES +20% INCREMENT TO ALL EMPLOYEES
SQL> 
SQL> SELECT FIRST_NAME , SALARY , SALARY + 1.2 NEW_SALARY FROM EMPLOYEES;

FIRST_NAME          SALARY NEW_SALARY                                                                                                                                                                                                                                                                       
--------------- ---------- ----------                                                                                                                                                                                                                                                                       
Steven               24000    24001.2                                                                                                                                                                                                                                                                       
Neena                17000    17001.2                                                                                                                                                                                                                                                                       
Lex                  17000    17001.2                                                                                                                                                                                                                                                                       
Alexander             9000     9001.2                                                                                                                                                                                                                                                                       
Bruce                 6000     6001.2                                                                                                                                                                                                                                                                       
Diana                 4200     4201.2                                                                                                                                                                                                                                                                       
Kevin                 5800     5801.2                                                                                                                                                                                                                                                                       
Trenna                3500     3501.2                                                                                                                                                                                                                                                                       
Curtis                3100     3101.2                                                                                                                                                                                                                                                                       
Randall               2600     2601.2                                                                                                                                                                                                                                                                       
Peter                 2500     2501.2                                                                                                                                                                                                                                                                       
Eleni                10500    10501.2                                                                                                                                                                                                                                                                       
Ellen                11000    11001.2                                                                                                                                                                                                                                                                       
Jonathon              8600     8601.2                                                                                                                                                                                                                                                                       
Kimerely              7000     7001.2                                                                                                                                                                                                                                                                       
Jennifer              4400     4401.2                                                                                                                                                                                                                                                                       
Michael              13000    13001.2                                                                                                                                                                                                                                                                       
Pat                   6000     6001.2                                                                                                                                                                                                                                                                       
Shelley              12000    12001.2                                                                                                                                                                                                                                                                       
William               8300     8301.2                                                                                                                                                                                                                                                                       

20 rows selected.

SQL> SELECT FIRST_NAME , SALARY , SALARY * 1.2 NEW_SALARY FROM EMPLOYEES;

FIRST_NAME          SALARY NEW_SALARY                                                                                                                                                                                                                                                                       
--------------- ---------- ----------                                                                                                                                                                                                                                                                       
Steven               24000      28800                                                                                                                                                                                                                                                                       
Neena                17000      20400                                                                                                                                                                                                                                                                       
Lex                  17000      20400                                                                                                                                                                                                                                                                       
Alexander             9000      10800                                                                                                                                                                                                                                                                       
Bruce                 6000       7200                                                                                                                                                                                                                                                                       
Diana                 4200       5040                                                                                                                                                                                                                                                                       
Kevin                 5800       6960                                                                                                                                                                                                                                                                       
Trenna                3500       4200                                                                                                                                                                                                                                                                       
Curtis                3100       3720                                                                                                                                                                                                                                                                       
Randall               2600       3120                                                                                                                                                                                                                                                                       
Peter                 2500       3000                                                                                                                                                                                                                                                                       
Eleni                10500      12600                                                                                                                                                                                                                                                                       
Ellen                11000      13200                                                                                                                                                                                                                                                                       
Jonathon              8600      10320                                                                                                                                                                                                                                                                       
Kimerely              7000       8400                                                                                                                                                                                                                                                                       
Jennifer              4400       5280                                                                                                                                                                                                                                                                       
Michael              13000      15600                                                                                                                                                                                                                                                                       
Pat                   6000       7200                                                                                                                                                                                                                                                                       
Shelley              12000      14400                                                                                                                                                                                                                                                                       
William               8300       9960                                                                                                                                                                                                                                                                       

20 rows selected.

SQL> REM COMPANY DECLARES DIFFERENT INCREMENT AMOUNT FOR EACH DEPARTMENT : 20 +1500 , 50 +2000 , 60 +750 , REMAINING +1000
SQL> 
SQL> SELECT FIRST_NAME , DEPARTMENT_ID , SALARY ,
  2  DECODE ( DEPARTMENT_ID , 20 , SALARY + 1500
  3                         , 50 , SALARY + 2000
  4                         , 60 , SALARY + 750  , SALARY + 1000) NEW_SALARY
  5  FROM EMPLOYEES
  6  ORDER BY 2;

FIRST_NAME      DEPARTMENT_ID     SALARY NEW_SALARY                                                                                                                                                                                                                                                         
--------------- ------------- ---------- ----------                                                                                                                                                                                                                                                         
Jennifer                   10       4400       5400                                                                                                                                                                                                                                                         
Michael                    20      13000      14500                                                                                                                                                                                                                                                         
Pat                        20       6000       7500                                                                                                                                                                                                                                                         
Kevin                      50       5800       7800                                                                                                                                                                                                                                                         
Peter                      50       2500       4500                                                                                                                                                                                                                                                         
Randall                    50       2600       4600                                                                                                                                                                                                                                                         
Curtis                     50       3100       5100                                                                                                                                                                                                                                                         
Trenna                     50       3500       5500                                                                                                                                                                                                                                                         
Diana                      60       4200       4950                                                                                                                                                                                                                                                         
Bruce                      60       6000       6750                                                                                                                                                                                                                                                         
Alexander                  60       9000       9750                                                                                                                                                                                                                                                         
Ellen                      80      11000      12000                                                                                                                                                                                                                                                         
Eleni                      80      10500      11500                                                                                                                                                                                                                                                         
Jonathon                   80       8600       9600                                                                                                                                                                                                                                                         
Lex                        90      17000      18000                                                                                                                                                                                                                                                         
Steven                     90      24000      25000                                                                                                                                                                                                                                                         
Neena                      90      17000      18000                                                                                                                                                                                                                                                         
William                   110       8300       9300                                                                                                                                                                                                                                                         
Shelley                   110      12000      13000                                                                                                                                                                                                                                                         
Kimerely                            7000       8000                                                                                                                                                                                                                                                         

20 rows selected.

SQL> REM COMPANY DECLARES DIFFERENT INCREMENT AMOUNT FOR EACH DEPARTMENT : 20 +1500 , 50 +2000 , 60 +750 , REMAINING NO INCREMENT
SQL> 
SQL> SELECT FIRST_NAME , DEPARTMENT_ID , SALARY ,
  2  DECODE ( DEPARTMENT_ID , 20 , SALARY + 1500
  3                         , 50 , SALARY + 2000
  4                         , 60 , SALARY + 750 ) NEW_SALARY
  5  FROM EMPLOYEES
  6  ORDER BY 2;

FIRST_NAME      DEPARTMENT_ID     SALARY NEW_SALARY                                                                                                                                                                                                                                                         
--------------- ------------- ---------- ----------                                                                                                                                                                                                                                                         
Jennifer                   10       4400                                                                                                                                                                                                                                                                    
Michael                    20      13000      14500                                                                                                                                                                                                                                                         
Pat                        20       6000       7500                                                                                                                                                                                                                                                         
Kevin                      50       5800       7800                                                                                                                                                                                                                                                         
Peter                      50       2500       4500                                                                                                                                                                                                                                                         
Randall                    50       2600       4600                                                                                                                                                                                                                                                         
Curtis                     50       3100       5100                                                                                                                                                                                                                                                         
Trenna                     50       3500       5500                                                                                                                                                                                                                                                         
Diana                      60       4200       4950                                                                                                                                                                                                                                                         
Bruce                      60       6000       6750                                                                                                                                                                                                                                                         
Alexander                  60       9000       9750                                                                                                                                                                                                                                                         
Ellen                      80      11000                                                                                                                                                                                                                                                                    
Eleni                      80      10500                                                                                                                                                                                                                                                                    
Jonathon                   80       8600                                                                                                                                                                                                                                                                    
Lex                        90      17000                                                                                                                                                                                                                                                                    
Steven                     90      24000                                                                                                                                                                                                                                                                    
Neena                      90      17000                                                                                                                                                                                                                                                                    
William                   110       8300                                                                                                                                                                                                                                                                    
Shelley                   110      12000                                                                                                                                                                                                                                                                    
Kimerely                            7000                                                                                                                                                                                                                                                                    

20 rows selected.

SQL> SELECT FIRST_NAME , DEPARTMENT_ID , SALARY ,
  2  DECODE ( DEPARTMENT_ID , 20 , SALARY + 1500
  3                         , 50 , SALARY + 2000
  4                         , 60 , SALARY + 750 , SALARY) NEW_SALARY
  5  FROM EMPLOYEES
  6  ORDER BY 2;

FIRST_NAME      DEPARTMENT_ID     SALARY NEW_SALARY                                                                                                                                                                                                                                                         
--------------- ------------- ---------- ----------                                                                                                                                                                                                                                                         
Jennifer                   10       4400       4400                                                                                                                                                                                                                                                         
Michael                    20      13000      14500                                                                                                                                                                                                                                                         
Pat                        20       6000       7500                                                                                                                                                                                                                                                         
Kevin                      50       5800       7800                                                                                                                                                                                                                                                         
Peter                      50       2500       4500                                                                                                                                                                                                                                                         
Randall                    50       2600       4600                                                                                                                                                                                                                                                         
Curtis                     50       3100       5100                                                                                                                                                                                                                                                         
Trenna                     50       3500       5500                                                                                                                                                                                                                                                         
Diana                      60       4200       4950                                                                                                                                                                                                                                                         
Bruce                      60       6000       6750                                                                                                                                                                                                                                                         
Alexander                  60       9000       9750                                                                                                                                                                                                                                                         
Ellen                      80      11000      11000                                                                                                                                                                                                                                                         
Eleni                      80      10500      10500                                                                                                                                                                                                                                                         
Jonathon                   80       8600       8600                                                                                                                                                                                                                                                         
Lex                        90      17000      17000                                                                                                                                                                                                                                                         
Steven                     90      24000      24000                                                                                                                                                                                                                                                         
Neena                      90      17000      17000                                                                                                                                                                                                                                                         
William                   110       8300       8300                                                                                                                                                                                                                                                         
Shelley                   110      12000      12000                                                                                                                                                                                                                                                         
Kimerely                            7000       7000                                                                                                                                                                                                                                                         

20 rows selected.

SQL> SELECT * FROM EMPLOYEES;

EMPLOYEE_ID FIRST_NAME      LAST_NAME       EMAIL      PHONE_NUMBER         HIRE_DATE JOB_ID         SALARY COMMISSION_PCT MANAGER_ID DEPARTMENT_ID                                                                                                                                                         
----------- --------------- --------------- ---------- -------------------- --------- ---------- ---------- -------------- ---------- -------------                                                                                                                                                         
        100 Steven          King            SKING      515.123.4567         17-JUL-87 AD_PRES         24000                                      90                                                                                                                                                         
        101 Neena           Kochhar         NKOCHHAR   515.123.4568         21-SEP-89 AD_VP           17000                       100            90                                                                                                                                                         
        102 Lex             De Haan         LDEHAAN    515.123.4569         13-JAN-93 AD_VP           17000                       100            90                                                                                                                                                         
        103 Alexander       Hunold          AHUNOLD    590.423.4567         03-JAN-90 IT_PROG          9000                       102            60                                                                                                                                                         
        104 Bruce           Ernst           BERNST     590.423.4568         21-MAY-91 IT_PROG          6000                       103            60                                                                                                                                                         
        107 Diana           Lorentz         DLORENTZ   590.423.5567         07-FEB-99 IT_PROG          4200                       103            60                                                                                                                                                         
        124 Kevin           Mourgos         KMOURGOS   650.123.5234         16-NOV-99 ST_MAN           5800                       100            50                                                                                                                                                         
        141 Trenna          Rajs            TRAJS      650.121.8009         17-OCT-95 ST_CLERK         3500                       124            50                                                                                                                                                         
        142 Curtis          Davies          CDAVIES    650.121.2994         29-JAN-97 ST_CLERK         3100                       124            50                                                                                                                                                         
        143 Randall         Matos           RMATOS     650.121.2874         15-MAR-98 ST_CLERK         2600                       124            50                                                                                                                                                         
        144 Peter           Vargas                     650.121.2004         09-JUL-98 ST_CLERK         2500                       124            50                                                                                                                                                         
        149 Eleni           Zlotkey         EZLOTKEY   011.44.1344.429018   29-JAN-00 SA_MAN          10500             .2        100            80                                                                                                                                                         
        174 Ellen           Abel            EABEL      011.44.1644.429267   11-MAY-96 SA_REP          11000             .3        149            80                                                                                                                                                         
        176 Jonathon        Taylor          JTAYLOR    011.44.1644.429265   24-MAR-98 SA_REP           8600             .3        149            80                                                                                                                                                         
        178 Kimerely        Grant           KGRANT     011.44.1644.429263   24-MAY-99 SA_REP           7000            .15        149                                                                                                                                                                       
        200 Jennifer        Whalen          JWHALEN    515.123.4444         17-SEP-87 AD_ASST          4400                       101            10                                                                                                                                                         
        201 Michael         Hartstein       MHARTSTE   515.123.5555         17-FEB-96 MK_MAN          13000                       100            20                                                                                                                                                         
        202 Pat             Fay             PFAY       603.123.6666         17-AUG-97 MK_REP           6000                       201            20                                                                                                                                                         
        205 Shelley         Higgins         SHIGGINS   515.123.8080         07-JUN-94 AC_MGR          12000                       101           110                                                                                                                                                         
        206 William         Gietz           WGIETZ     515.123.8181         07-JUN-94 AC_ACCOUNT       8300                       205           110                                                                                                                                                         

20 rows selected.

SQL> 
SQL> REM 1 COMPANY DECLARES INCREMENT BASED ON MANAGER_ID : 100 +1000 , 124 +1500 , 149 +2000 , REMAINING +750
SQL> 
SQL> REM 2 COMPANY DECLARES INCREMENT BASED ON JOB_ID : IT_PROG +30% , ST_CLERK +40% , SA_REP -10% , AD_VP -17.5%
SQL> 
SQL> REM 3 COMPANY DECLARES INCREMENT BASED ON HIRE YEAR : 99 +1000 , 94 -500 , 98 +15% , REMAINING  -7.5%
SQL> 
SQL> 
SQL> 
SQL> REM 1 COMPANY DECLARES INCREMENT BASED ON MANAGER_ID : 100 +1000 , 124 +1500 , 149 +2000 , REMAINING +750
SQL> 
SQL> SELECT FIRST_NAME , MANAGER_ID , SALARY ,
  2  DECODE ( MANAGER_ID , 100 , SALARY + 1000
  3                      , 124 , SALARY + 1500
  4                      , 149 , SALARY + 2000 , SALARY + 750) NEW_SALARY
  5  FROM EMPLOYEES
  6  ORDER BY 2;

FIRST_NAME      MANAGER_ID     SALARY NEW_SALARY                                                                                                                                                                                                                                                            
--------------- ---------- ---------- ----------                                                                                                                                                                                                                                                            
Michael                100      13000      14000                                                                                                                                                                                                                                                            
Neena                  100      17000      18000                                                                                                                                                                                                                                                            
Lex                    100      17000      18000                                                                                                                                                                                                                                                            
Eleni                  100      10500      11500                                                                                                                                                                                                                                                            
Kevin                  100       5800       6800                                                                                                                                                                                                                                                            
Shelley                101      12000      12750                                                                                                                                                                                                                                                            
Jennifer               101       4400       5150                                                                                                                                                                                                                                                            
Alexander              102       9000       9750                                                                                                                                                                                                                                                            
Bruce                  103       6000       6750                                                                                                                                                                                                                                                            
Diana                  103       4200       4950                                                                                                                                                                                                                                                            
Curtis                 124       3100       4600                                                                                                                                                                                                                                                            
Randall                124       2600       4100                                                                                                                                                                                                                                                            
Peter                  124       2500       4000                                                                                                                                                                                                                                                            
Trenna                 124       3500       5000                                                                                                                                                                                                                                                            
Kimerely               149       7000       9000                                                                                                                                                                                                                                                            
Ellen                  149      11000      13000                                                                                                                                                                                                                                                            
Jonathon               149       8600      10600                                                                                                                                                                                                                                                            
Pat                    201       6000       6750                                                                                                                                                                                                                                                            
William                205       8300       9050                                                                                                                                                                                                                                                            
Steven                          24000      24750                                                                                                                                                                                                                                                            

20 rows selected.

SQL> REM 2 COMPANY DECLARES INCREMENT BASED ON JOB_ID : IT_PROG +30% , ST_CLERK +40% , SA_REP -10% , AD_VP -17.5%
SQL> 
SQL> SELECT FIRST_NAME , JOB_ID , SALARY ,
  2  DECODE ( JOB_ID , 'IT_PROG' SALARY * 1.3
  3                  , 'ST_CLERK' , SALARY * 1.4
  4                  , 'SA_REP' , SALARY * .9 , SALARY * .825) NEW_SALARY
  5  FROM EMPLOYEES
  6  ORDER BY 2;
DECODE ( JOB_ID , 'IT_PROG' SALARY * 1.3
                            *
ERROR at line 2:
ORA-00907: missing right parenthesis 


SQL> SELECT FIRST_NAME , JOB_ID , SALARY ,
  2  DECODE ( JOB_ID , 'IT_PROG' , SALARY * 1.3
  3                  , 'ST_CLERK' , SALARY * 1.4
  4                  , 'SA_REP' , SALARY * .9 , SALARY * .825) NEW_SALARY
  5  FROM EMPLOYEES
  6  ORDER BY 2;

FIRST_NAME      JOB_ID         SALARY NEW_SALARY                                                                                                                                                                                                                                                            
--------------- ---------- ---------- ----------                                                                                                                                                                                                                                                            
William         AC_ACCOUNT       8300     6847.5                                                                                                                                                                                                                                                            
Shelley         AC_MGR          12000       9900                                                                                                                                                                                                                                                            
Jennifer        AD_ASST          4400       3630                                                                                                                                                                                                                                                            
Steven          AD_PRES         24000      19800                                                                                                                                                                                                                                                            
Lex             AD_VP           17000      14025                                                                                                                                                                                                                                                            
Neena           AD_VP           17000      14025                                                                                                                                                                                                                                                            
Alexander       IT_PROG          9000      11700                                                                                                                                                                                                                                                            
Bruce           IT_PROG          6000       7800                                                                                                                                                                                                                                                            
Diana           IT_PROG          4200       5460                                                                                                                                                                                                                                                            
Michael         MK_MAN          13000      10725                                                                                                                                                                                                                                                            
Pat             MK_REP           6000       4950                                                                                                                                                                                                                                                            
Eleni           SA_MAN          10500     8662.5                                                                                                                                                                                                                                                            
Ellen           SA_REP          11000       9900                                                                                                                                                                                                                                                            
Kimerely        SA_REP           7000       6300                                                                                                                                                                                                                                                            
Jonathon        SA_REP           8600       7740                                                                                                                                                                                                                                                            
Randall         ST_CLERK         2600       3640                                                                                                                                                                                                                                                            
Curtis          ST_CLERK         3100       4340                                                                                                                                                                                                                                                            
Trenna          ST_CLERK         3500       4900                                                                                                                                                                                                                                                            
Peter           ST_CLERK         2500       3500                                                                                                                                                                                                                                                            
Kevin           ST_MAN           5800       4785                                                                                                                                                                                                                                                            

20 rows selected.

SQL> REM 3 COMPANY DECLARES INCREMENT BASED ON HIRE YEAR : 99 +1000 , 94 -500 , 98 +15% , REMAINING  -7.5%
SQL> 
SQL> SELECT FIRST_NAME , HIRE_DATE , SUBSTR(HIRE_DATE,-2) YR , SALARY ,
  2  DECODE ( SUBSTR(HIRE_DATE,-2) , '99' , SALARY + 1000
  3                                , '94' , SALARY - 500
  4                                , '98' , SALARY * 1.15 , SALARY * .925) NEW_SALARY
  5  FROM EMPLOYEES
  6  ORDER BY 3;

FIRST_NAME      HIRE_DATE YR           SALARY NEW_SALARY                                                                                                                                                                                                                                                    
--------------- --------- -------- ---------- ----------                                                                                                                                                                                                                                                    
Eleni           29-JAN-00 00            10500     9712.5                                                                                                                                                                                                                                                    
Steven          17-JUL-87 87            24000      22200                                                                                                                                                                                                                                                    
Jennifer        17-SEP-87 87             4400       4070                                                                                                                                                                                                                                                    
Neena           21-SEP-89 89            17000      15725                                                                                                                                                                                                                                                    
Alexander       03-JAN-90 90             9000       8325                                                                                                                                                                                                                                                    
Bruce           21-MAY-91 91             6000       5550                                                                                                                                                                                                                                                    
Lex             13-JAN-93 93            17000      15725                                                                                                                                                                                                                                                    
Shelley         07-JUN-94 94            12000      11500                                                                                                                                                                                                                                                    
William         07-JUN-94 94             8300       7800                                                                                                                                                                                                                                                    
Trenna          17-OCT-95 95             3500     3237.5                                                                                                                                                                                                                                                    
Ellen           11-MAY-96 96            11000      10175                                                                                                                                                                                                                                                    
Michael         17-FEB-96 96            13000      12025                                                                                                                                                                                                                                                    
Curtis          29-JAN-97 97             3100     2867.5                                                                                                                                                                                                                                                    
Pat             17-AUG-97 97             6000       5550                                                                                                                                                                                                                                                    
Randall         15-MAR-98 98             2600       2990                                                                                                                                                                                                                                                    
Jonathon        24-MAR-98 98             8600       9890                                                                                                                                                                                                                                                    
Peter           09-JUL-98 98             2500       2875                                                                                                                                                                                                                                                    
Diana           07-FEB-99 99             4200       5200                                                                                                                                                                                                                                                    
Kevin           16-NOV-99 99             5800       6800                                                                                                                                                                                                                                                    
Kimerely        24-MAY-99 99             7000       8000                                                                                                                                                                                                                                                    

20 rows selected.

SQL> SELECT DEPARTMENT_ID , MANAGER_ID , FIRST_NAME , SALARY FROM EMPLOYEES ORDER B 1,2;
SELECT DEPARTMENT_ID , MANAGER_ID , FIRST_NAME , SALARY FROM EMPLOYEES ORDER B 1,2
                                                                             *
ERROR at line 1:
ORA-00924: missing BY keyword 


SQL> SELECT DEPARTMENT_ID , MANAGER_ID , FIRST_NAME , SALARY FROM EMPLOYEES ORDER BY 1,2;

DEPARTMENT_ID MANAGER_ID FIRST_NAME          SALARY                                                                                                                                                                                                                                                         
------------- ---------- --------------- ----------                                                                                                                                                                                                                                                         
           10        101 Jennifer              4400                                                                                                                                                                                                                                                         
           20        100 Michael              13000                                                                                                                                                                                                                                                         
           20        201 Pat                   6000                                                                                                                                                                                                                                                         
           50        100 Kevin                 5800                                                                                                                                                                                                                                                         
           50        124 Curtis                3100                                                                                                                                                                                                                                                         
           50        124 Peter                 2500                                                                                                                                                                                                                                                         
           50        124 Randall               2600                                                                                                                                                                                                                                                         
           50        124 Trenna                3500                                                                                                                                                                                                                                                         
           60        102 Alexander             9000                                                                                                                                                                                                                                                         
           60        103 Diana                 4200                                                                                                                                                                                                                                                         
           60        103 Bruce                 6000                                                                                                                                                                                                                                                         
           80        100 Eleni                10500                                                                                                                                                                                                                                                         
           80        149 Ellen                11000                                                                                                                                                                                                                                                         
           80        149 Jonathon              8600                                                                                                                                                                                                                                                         
           90        100 Lex                  17000                                                                                                                                                                                                                                                         
           90        100 Neena                17000                                                                                                                                                                                                                                                         
           90            Steven               24000                                                                                                                                                                                                                                                         
          110        101 Shelley              12000                                                                                                                                                                                                                                                         
          110        205 William               8300                                                                                                                                                                                                                                                         
                     149 Kimerely              7000                                                                                                                                                                                                                                                         

20 rows selected.

SQL> REM DEPARTMENT_ID , MANAGER_ID : 50 124 20% , 60 103 30% , 80 149 40% , REMAINING 10%
SQL> 
SQL> SELECT DEPARTMENT_ID , MANAGER_ID , FIRST_NAME , SALARY ,
  2  DECODE ( DEPARTMENT_ID || MANAGER_ID , '50124' , SALARY * 1.2
  3                                       , '60103' , SALARY * 1.3
  4                                       , '80149' , SALARY * 1.4 , SALARY * 1.1) NEW_SALARY
  5  FROM EMPLOYEES
  6  ORDER BY 1,2;

DEPARTMENT_ID MANAGER_ID FIRST_NAME          SALARY NEW_SALARY                                                                                                                                                                                                                                              
------------- ---------- --------------- ---------- ----------                                                                                                                                                                                                                                              
           10        101 Jennifer              4400       4840                                                                                                                                                                                                                                              
           20        100 Michael              13000      14300                                                                                                                                                                                                                                              
           20        201 Pat                   6000       6600                                                                                                                                                                                                                                              
           50        100 Kevin                 5800       6380                                                                                                                                                                                                                                              
           50        124 Curtis                3100       3720                                                                                                                                                                                                                                              
           50        124 Peter                 2500       3000                                                                                                                                                                                                                                              
           50        124 Randall               2600       3120                                                                                                                                                                                                                                              
           50        124 Trenna                3500       4200                                                                                                                                                                                                                                              
           60        102 Alexander             9000       9900                                                                                                                                                                                                                                              
           60        103 Diana                 4200       5460                                                                                                                                                                                                                                              
           60        103 Bruce                 6000       7800                                                                                                                                                                                                                                              
           80        100 Eleni                10500      11550                                                                                                                                                                                                                                              
           80        149 Ellen                11000      15400                                                                                                                                                                                                                                              
           80        149 Jonathon              8600      12040                                                                                                                                                                                                                                              
           90        100 Lex                  17000      18700                                                                                                                                                                                                                                              
           90        100 Neena                17000      18700                                                                                                                                                                                                                                              
           90            Steven               24000      26400                                                                                                                                                                                                                                              
          110        101 Shelley              12000      13200                                                                                                                                                                                                                                              
          110        205 William               8300       9130                                                                                                                                                                                                                                              
                     149 Kimerely              7000       7700                                                                                                                                                                                                                                              

20 rows selected.

SQL> SELECT * FROM EMPLOYEES;

EMPLOYEE_ID FIRST_NAME      LAST_NAME       EMAIL      PHONE_NUMBER         HIRE_DATE JOB_ID         SALARY COMMISSION_PCT MANAGER_ID DEPARTMENT_ID                                                                                                                                                         
----------- --------------- --------------- ---------- -------------------- --------- ---------- ---------- -------------- ---------- -------------                                                                                                                                                         
        100 Steven          King            SKING      515.123.4567         17-JUL-87 AD_PRES         24000                                      90                                                                                                                                                         
        101 Neena           Kochhar         NKOCHHAR   515.123.4568         21-SEP-89 AD_VP           17000                       100            90                                                                                                                                                         
        102 Lex             De Haan         LDEHAAN    515.123.4569         13-JAN-93 AD_VP           17000                       100            90                                                                                                                                                         
        103 Alexander       Hunold          AHUNOLD    590.423.4567         03-JAN-90 IT_PROG          9000                       102            60                                                                                                                                                         
        104 Bruce           Ernst           BERNST     590.423.4568         21-MAY-91 IT_PROG          6000                       103            60                                                                                                                                                         
        107 Diana           Lorentz         DLORENTZ   590.423.5567         07-FEB-99 IT_PROG          4200                       103            60                                                                                                                                                         
        124 Kevin           Mourgos         KMOURGOS   650.123.5234         16-NOV-99 ST_MAN           5800                       100            50                                                                                                                                                         
        141 Trenna          Rajs            TRAJS      650.121.8009         17-OCT-95 ST_CLERK         3500                       124            50                                                                                                                                                         
        142 Curtis          Davies          CDAVIES    650.121.2994         29-JAN-97 ST_CLERK         3100                       124            50                                                                                                                                                         
        143 Randall         Matos           RMATOS     650.121.2874         15-MAR-98 ST_CLERK         2600                       124            50                                                                                                                                                         
        144 Peter           Vargas                     650.121.2004         09-JUL-98 ST_CLERK         2500                       124            50                                                                                                                                                         
        149 Eleni           Zlotkey         EZLOTKEY   011.44.1344.429018   29-JAN-00 SA_MAN          10500             .2        100            80                                                                                                                                                         
        174 Ellen           Abel            EABEL      011.44.1644.429267   11-MAY-96 SA_REP          11000             .3        149            80                                                                                                                                                         
        176 Jonathon        Taylor          JTAYLOR    011.44.1644.429265   24-MAR-98 SA_REP           8600             .3        149            80                                                                                                                                                         
        178 Kimerely        Grant           KGRANT     011.44.1644.429263   24-MAY-99 SA_REP           7000            .15        149                                                                                                                                                                       
        200 Jennifer        Whalen          JWHALEN    515.123.4444         17-SEP-87 AD_ASST          4400                       101            10                                                                                                                                                         
        201 Michael         Hartstein       MHARTSTE   515.123.5555         17-FEB-96 MK_MAN          13000                       100            20                                                                                                                                                         
        202 Pat             Fay             PFAY       603.123.6666         17-AUG-97 MK_REP           6000                       201            20                                                                                                                                                         
        205 Shelley         Higgins         SHIGGINS   515.123.8080         07-JUN-94 AC_MGR          12000                       101           110                                                                                                                                                         
        206 William         Gietz           WGIETZ     515.123.8181         07-JUN-94 AC_ACCOUNT       8300                       205           110                                                                                                                                                         

20 rows selected.

SQL> REM 1 HIRE QUARTER : Q1 : 10% , Q2 : 20% , Q3 : 40% , REMAINING 30%
SQL> 
SQL> REM 2 LEFT MOST VOWEL OF FIRST_NAME : a 10% , e 20% , I 30% , O 40% , REMAINING 50%
SQL> 
SQL> REM 3 COUNT OF VOWELS IN LAST_NAME : 1 30% , 2 20% , 3 10%
SQL> 
SQL> 
SQL> REM 1 HIRE QUARTER : Q1 : 10% , Q2 : 20% , Q3 : 40% , REMAINING 30%
SQL> 
SQL> SELECT FIRST_NAME , HIRE_DATE , SUBSTR(TRUNC(HIRE_DATE,'Q'),4,3) ,
  2  DECODE ( SUBSTR(TRUNC(HIRE_DATE,'Q'),4,3) , 'JAN' , SALARY * 1.1
  3                                            , 'APR' , SALARY * 1.2
  4                                            , 'JUL' , SALARY * 1.4 , SALARY * 1.3)NEW_SALARY
  5  FROM EMPLOYEES
  6  ;

FIRST_NAME      HIRE_DATE SUBSTR(TRUNC NEW_SALARY                                                                                                                                                                                                                                                           
--------------- --------- ------------ ----------                                                                                                                                                                                                                                                           
Steven          17-JUL-87 JUL               33600                                                                                                                                                                                                                                                           
Neena           21-SEP-89 JUL               23800                                                                                                                                                                                                                                                           
Lex             13-JAN-93 JAN               18700                                                                                                                                                                                                                                                           
Alexander       03-JAN-90 JAN                9900                                                                                                                                                                                                                                                           
Bruce           21-MAY-91 APR                7200                                                                                                                                                                                                                                                           
Diana           07-FEB-99 JAN                4620                                                                                                                                                                                                                                                           
Kevin           16-NOV-99 OCT                7540                                                                                                                                                                                                                                                           
Trenna          17-OCT-95 OCT                4550                                                                                                                                                                                                                                                           
Curtis          29-JAN-97 JAN                3410                                                                                                                                                                                                                                                           
Randall         15-MAR-98 JAN                2860                                                                                                                                                                                                                                                           
Peter           09-JUL-98 JUL                3500                                                                                                                                                                                                                                                           
Eleni           29-JAN-00 JAN               11550                                                                                                                                                                                                                                                           
Ellen           11-MAY-96 APR               13200                                                                                                                                                                                                                                                           
Jonathon        24-MAR-98 JAN                9460                                                                                                                                                                                                                                                           
Kimerely        24-MAY-99 APR                8400                                                                                                                                                                                                                                                           
Jennifer        17-SEP-87 JUL                6160                                                                                                                                                                                                                                                           
Michael         17-FEB-96 JAN               14300                                                                                                                                                                                                                                                           
Pat             17-AUG-97 JUL                8400                                                                                                                                                                                                                                                           
Shelley         07-JUN-94 APR               14400                                                                                                                                                                                                                                                           
William         07-JUN-94 APR                9960                                                                                                                                                                                                                                                           

20 rows selected.

SQL> SELECT FIRST_NAME , HIRE_DATE , SUBSTR(TRUNC(HIRE_DATE,'Q'),4,3) , SALARY ,
  2  DECODE ( SUBSTR(TRUNC(HIRE_DATE,'Q'),4,3) , 'JAN' , SALARY * 1.1
  3                                            , 'APR' , SALARY * 1.2
  4                                            , 'JUL' , SALARY * 1.4 , SALARY * 1.3)NEW_SALARY
  5  FROM EMPLOYEES;

FIRST_NAME      HIRE_DATE SUBSTR(TRUNC     SALARY NEW_SALARY                                                                                                                                                                                                                                                
--------------- --------- ------------ ---------- ----------                                                                                                                                                                                                                                                
Steven          17-JUL-87 JUL               24000      33600                                                                                                                                                                                                                                                
Neena           21-SEP-89 JUL               17000      23800                                                                                                                                                                                                                                                
Lex             13-JAN-93 JAN               17000      18700                                                                                                                                                                                                                                                
Alexander       03-JAN-90 JAN                9000       9900                                                                                                                                                                                                                                                
Bruce           21-MAY-91 APR                6000       7200                                                                                                                                                                                                                                                
Diana           07-FEB-99 JAN                4200       4620                                                                                                                                                                                                                                                
Kevin           16-NOV-99 OCT                5800       7540                                                                                                                                                                                                                                                
Trenna          17-OCT-95 OCT                3500       4550                                                                                                                                                                                                                                                
Curtis          29-JAN-97 JAN                3100       3410                                                                                                                                                                                                                                                
Randall         15-MAR-98 JAN                2600       2860                                                                                                                                                                                                                                                
Peter           09-JUL-98 JUL                2500       3500                                                                                                                                                                                                                                                
Eleni           29-JAN-00 JAN               10500      11550                                                                                                                                                                                                                                                
Ellen           11-MAY-96 APR               11000      13200                                                                                                                                                                                                                                                
Jonathon        24-MAR-98 JAN                8600       9460                                                                                                                                                                                                                                                
Kimerely        24-MAY-99 APR                7000       8400                                                                                                                                                                                                                                                
Jennifer        17-SEP-87 JUL                4400       6160                                                                                                                                                                                                                                                
Michael         17-FEB-96 JAN               13000      14300                                                                                                                                                                                                                                                
Pat             17-AUG-97 JUL                6000       8400                                                                                                                                                                                                                                                
Shelley         07-JUN-94 APR               12000      14400                                                                                                                                                                                                                                                
William         07-JUN-94 APR                8300       9960                                                                                                                                                                                                                                                

20 rows selected.

SQL> REM 1 HIRE QUARTER : Q1 : 10% , Q2 : 20% , Q3 : 40% , REMAINING 30%
SQL> 
SQL> REM 2 LEFT MOST VOWEL OF FIRST_NAME : a 10% , e 20% , I 30% , O 40% , REMAINING 50%
SQL> 
SQL> SELECT FIRST_NAME , SUBSTR(LTRIM(UPPER(FIRST_NAME),'QWRTYPSDFGHJKLZXCVBNM'),1,1) ,
  2  SALARY ,
  3  DECODE (SUBSTR(LTRIM(UPPER(FIRST_NAME),'QWRTYPSDFGHJKLZXCVBNM'),1,1) , 'A' , SALARY * 1.1
  4                                                                       , 'E' , SALARY * 1.2
  5                                                                       , 'I' , SALARY * 1.3
  6                                                                       , 'O' , SALARY * 1.4 , SALARY * 1.5) NEW_SALRAY
  7  FROM EMPLOYEES
  8  ORDER BY 2;

FIRST_NAME      SUBS     SALARY NEW_SALRAY                                                                                                                                                                                                                                                                  
--------------- ---- ---------- ----------                                                                                                                                                                                                                                                                  
Randall         A          2600       2860                                                                                                                                                                                                                                                                  
Alexander       A          9000       9900                                                                                                                                                                                                                                                                  
Pat             A          6000       6600                                                                                                                                                                                                                                                                  
Lex             E         17000      20400                                                                                                                                                                                                                                                                  
Steven          E         24000      28800                                                                                                                                                                                                                                                                  
Neena           E         17000      20400                                                                                                                                                                                                                                                                  
Shelley         E         12000      14400                                                                                                                                                                                                                                                                  
Jennifer        E          4400       5280                                                                                                                                                                                                                                                                  
Ellen           E         11000      13200                                                                                                                                                                                                                                                                  
Eleni           E         10500      12600                                                                                                                                                                                                                                                                  
Peter           E          2500       3000                                                                                                                                                                                                                                                                  
Trenna          E          3500       4200                                                                                                                                                                                                                                                                  
Kevin           E          5800       6960                                                                                                                                                                                                                                                                  
William         I          8300      10790                                                                                                                                                                                                                                                                  
Kimerely        I          7000       9100                                                                                                                                                                                                                                                                  
Michael         I         13000      16900                                                                                                                                                                                                                                                                  
Diana           I          4200       5460                                                                                                                                                                                                                                                                  
Jonathon        O          8600      12040                                                                                                                                                                                                                                                                  
Bruce           U          6000       9000                                                                                                                                                                                                                                                                  
Curtis          U          3100       4650                                                                                                                                                                                                                                                                  

20 rows selected.

SQL> 
SQL> REM 3 COUNT OF VOWELS IN LAST_NAME : 1 30% , 2 20% , 3 10%
SQL> 
SQL> SELECT LAST_NAME , TRANSLATE(UPPER(LAST_NAME),'#QWRTYPSDFGHJKLZXCVBNM','#') ,
  2  SALARY ,
  3  DECODE ( LENGTH(TRANSLATE(UPPER(LAST_NAME),'#QWRTYPSDFGHJKLZXCVBNM ','#')) , 1 , SALARY * 1.3
  4                                                                             , 2 , SALARY * 1.2
  5                                                                             , 3 , SALARY * 1.1) NEW_SALARY
  6  FROM EMPLOYEES
  7  ORDER BY 2;

LAST_NAME       TRANSLATE(UPPER(LAST_NAME),'#QWRTYPSDFGHJKLZXCVBNM','#')         SALARY NEW_SALARY                                                                                                                                                                                                          
--------------- ------------------------------------------------------------ ---------- ----------                                                                                                                                                                                                          
Grant           A                                                                  7000       9100                                                                                                                                                                                                          
Rajs            A                                                                  3500       4550                                                                                                                                                                                                          
Fay             A                                                                  6000       7800                                                                                                                                                                                                          
Vargas          AA                                                                 2500       3000                                                                                                                                                                                                          
Whalen          AE                                                                 4400       5280                                                                                                                                                                                                          
Abel            AE                                                                11000      13200                                                                                                                                                                                                          
Hartstein       AEI                                                               13000      14300                                                                                                                                                                                                          
Davies          AIE                                                                3100       3410                                                                                                                                                                                                          
Taylor          AO                                                                 8600      10320                                                                                                                                                                                                          
Matos           AO                                                                 2600       3120                                                                                                                                                                                                          
Ernst           E                                                                  6000       7800                                                                                                                                                                                                          
De Haan         E AA                                                              17000      18700                                                                                                                                                                                                          
King            I                                                                 24000      31200                                                                                                                                                                                                          
Gietz           IE                                                                 8300       9960                                                                                                                                                                                                          
Higgins         II                                                                12000      14400                                                                                                                                                                                                          
Kochhar         OA                                                                17000      20400                                                                                                                                                                                                          
Lorentz         OE                                                                 4200       5040                                                                                                                                                                                                          
Zlotkey         OE                                                                10500      12600                                                                                                                                                                                                          
Mourgos         OUO                                                                5800       6380                                                                                                                                                                                                          
Hunold          UO                                                                 9000      10800                                                                                                                                                                                                          

20 rows selected.

SQL> SELECT LAST_NAME , TRANSLATE(UPPER(LAST_NAME),'# QWRTYPSDFGHJKLZXCVBNM','#') ,
  2  SALARY ,
  3  DECODE ( LENGTH(TRANSLATE(UPPER(LAST_NAME),'#QWRTYPSDFGHJKLZXCVBNM ','#')) , 1 , SALARY * 1.3
  4                                                                             , 2 , SALARY * 1.2
  5                                                                             , 3 , SALARY * 1.1) NEW_SALARY
  6  FROM EMPLOYEES
  7  ORDER BY 2;

LAST_NAME       TRANSLATE(UPPER(LAST_NAME),'#QWRTYPSDFGHJKLZXCVBNM','#')         SALARY NEW_SALARY                                                                                                                                                                                                          
--------------- ------------------------------------------------------------ ---------- ----------                                                                                                                                                                                                          
Grant           A                                                                  7000       9100                                                                                                                                                                                                          
Rajs            A                                                                  3500       4550                                                                                                                                                                                                          
Fay             A                                                                  6000       7800                                                                                                                                                                                                          
Vargas          AA                                                                 2500       3000                                                                                                                                                                                                          
Whalen          AE                                                                 4400       5280                                                                                                                                                                                                          
Abel            AE                                                                11000      13200                                                                                                                                                                                                          
Hartstein       AEI                                                               13000      14300                                                                                                                                                                                                          
Davies          AIE                                                                3100       3410                                                                                                                                                                                                          
Taylor          AO                                                                 8600      10320                                                                                                                                                                                                          
Matos           AO                                                                 2600       3120                                                                                                                                                                                                          
Ernst           E                                                                  6000       7800                                                                                                                                                                                                          
De Haan         EAA                                                               17000      18700                                                                                                                                                                                                          
King            I                                                                 24000      31200                                                                                                                                                                                                          
Gietz           IE                                                                 8300       9960                                                                                                                                                                                                          
Higgins         II                                                                12000      14400                                                                                                                                                                                                          
Kochhar         OA                                                                17000      20400                                                                                                                                                                                                          
Lorentz         OE                                                                 4200       5040                                                                                                                                                                                                          
Zlotkey         OE                                                                10500      12600                                                                                                                                                                                                          
Mourgos         OUO                                                                5800       6380                                                                                                                                                                                                          
Hunold          UO                                                                 9000      10800                                                                                                                                                                                                          

20 rows selected.

SQL> SPOOL OFF
