SQL> 
SQL> REM MAINLY TWO TYPES OF FUNCTIONS : 1 SINGLE ROW / SCALAR 2 MULTI ROW/GROUP/AGGREGATE/SUMMARY
SQL> 
SQL> REM LIST OF SUMMARY FUNCTIONS : 1 MIN 2 MAX 3 COUNT 4 SUM 5 AVG
SQL> 
SQL> REM SINGLE ROW FUNCTION READS/TAKES/ACCEPTS SINGLE ROW AS INPUT AND RETURNS SINGLE ROW FOR EACH INPUT ROW.
SQL> 
SQL> REM NUMBER OF INPUT ROWS ARE ALWAYS EQUAL TO NUMBER OF OUTPUT ROWS.
SQL> 
SQL> SELECT EMAIL , LOWER(EMAIL) FROM EMPLOYEES;

EMAIL      LOWER(EMAI                                                                                                                                                                                                                                                                                                                                                                                           
---------- ----------                                                                                                                                                                                                                                                                                                                                                                                           
SKING      sking                                                                                                                                                                                                                                                                                                                                                                                                
NKOCHHAR   nkochhar                                                                                                                                                                                                                                                                                                                                                                                             
LDEHAAN    ldehaan                                                                                                                                                                                                                                                                                                                                                                                              
AHUNOLD    ahunold                                                                                                                                                                                                                                                                                                                                                                                              
BERNST     bernst                                                                                                                                                                                                                                                                                                                                                                                               
DLORENTZ   dlorentz                                                                                                                                                                                                                                                                                                                                                                                             
KMOURGOS   kmourgos                                                                                                                                                                                                                                                                                                                                                                                             
TRAJS      trajs                                                                                                                                                                                                                                                                                                                                                                                                
CDAVIES    cdavies                                                                                                                                                                                                                                                                                                                                                                                              
RMATOS     rmatos                                                                                                                                                                                                                                                                                                                                                                                               
                                                                                                                                                                                                                                                                                                                                                                                                                
EZLOTKEY   ezlotkey                                                                                                                                                                                                                                                                                                                                                                                             
EABEL      eabel                                                                                                                                                                                                                                                                                                                                                                                                
JTAYLOR    jtaylor                                                                                                                                                                                                                                                                                                                                                                                              
KGRANT     kgrant                                                                                                                                                                                                                                                                                                                                                                                               
JWHALEN    jwhalen                                                                                                                                                                                                                                                                                                                                                                                              
MHARTSTE   mhartste                                                                                                                                                                                                                                                                                                                                                                                             
PFAY       pfay                                                                                                                                                                                                                                                                                                                                                                                                 
SHIGGINS   shiggins                                                                                                                                                                                                                                                                                                                                                                                             
WGIETZ     wgietz                                                                                                                                                                                                                                                                                                                                                                                               

20 rows selected.

SQL> REM MULTI ROW FUNCTIONS : IT READS/TAKES/ACCEPTS MULTIPLE ROWS AS INPUT AND MAY RETURN SINGLE ROW OR MULTIPLE ROWS.
SQL> 
SQL> REM SELECT SYNTAX : CHAPTER 1 : SELECT what_to_display FROM table_name;
SQL> 
SQL> REM CHAPTER 4 : SELECT ... FROM ... WHERE ... ORDER BY ... OFFSET ... FETCH ...;
SQL> 
SQL> REM CHAPTER 5 : SELECT ... FROM ... WHERE ... GROUP BY ... | HAVING ... ORDER BY ... OFFSET ... FETCH ...;
SQL> 
SQL> 
SQL> REM IF WE OMIT GROUP BY CLAUSE, IT WILL RETURN SINGLE ROW.
SQL> 
SQL> SELECT SALARY FROM EMPLOYEES;

    SALARY                                                                                                                                                                                                                                                                                                                                                                                                      
----------                                                                                                                                                                                                                                                                                                                                                                                                      
     24000                                                                                                                                                                                                                                                                                                                                                                                                      
     17000                                                                                                                                                                                                                                                                                                                                                                                                      
     17000                                                                                                                                                                                                                                                                                                                                                                                                      
      9000                                                                                                                                                                                                                                                                                                                                                                                                      
      6000                                                                                                                                                                                                                                                                                                                                                                                                      
      4200                                                                                                                                                                                                                                                                                                                                                                                                      
      5800                                                                                                                                                                                                                                                                                                                                                                                                      
      3500                                                                                                                                                                                                                                                                                                                                                                                                      
      3100                                                                                                                                                                                                                                                                                                                                                                                                      
      2600                                                                                                                                                                                                                                                                                                                                                                                                      
      2500                                                                                                                                                                                                                                                                                                                                                                                                      
     10500                                                                                                                                                                                                                                                                                                                                                                                                      
     11000                                                                                                                                                                                                                                                                                                                                                                                                      
      8600                                                                                                                                                                                                                                                                                                                                                                                                      
      7000                                                                                                                                                                                                                                                                                                                                                                                                      
      4400                                                                                                                                                                                                                                                                                                                                                                                                      
     13000                                                                                                                                                                                                                                                                                                                                                                                                      
      6000                                                                                                                                                                                                                                                                                                                                                                                                      
     12000                                                                                                                                                                                                                                                                                                                                                                                                      
      8300                                                                                                                                                                                                                                                                                                                                                                                                      

20 rows selected.

SQL> SELECT MIN(SALARY) FROM EMPLOYEES;

MIN(SALARY)                                                                                                                                                                                                                                                                                                                                                                                                     
-----------                                                                                                                                                                                                                                                                                                                                                                                                     
       2500                                                                                                                                                                                                                                                                                                                                                                                                     

SQL> REM IF WE USE 'GROUP BY' CLAUSE, IT WILL RETURN SINGLE ROW.
SQL> 
SQL> REM IF WE USE 'GROUP BY' CLAUSE, IT WILL RETURN MULTIPLE ROWS.
SQL> 
SQL> SELECT DEPARTMENT_ID , SALARY FROM EMPLOYEES ORDER BY 1,2;

DEPARTMENT_ID     SALARY                                                                                                                                                                                                                                                                                                                                                                                        
------------- ----------                                                                                                                                                                                                                                                                                                                                                                                        
           10       4400                                                                                                                                                                                                                                                                                                                                                                                        
           20       6000                                                                                                                                                                                                                                                                                                                                                                                        
           20      13000                                                                                                                                                                                                                                                                                                                                                                                        
           50       2500                                                                                                                                                                                                                                                                                                                                                                                        
           50       2600                                                                                                                                                                                                                                                                                                                                                                                        
           50       3100                                                                                                                                                                                                                                                                                                                                                                                        
           50       3500                                                                                                                                                                                                                                                                                                                                                                                        
           50       5800                                                                                                                                                                                                                                                                                                                                                                                        
           60       4200                                                                                                                                                                                                                                                                                                                                                                                        
           60       6000                                                                                                                                                                                                                                                                                                                                                                                        
           60       9000                                                                                                                                                                                                                                                                                                                                                                                        
           80       8600                                                                                                                                                                                                                                                                                                                                                                                        
           80      10500                                                                                                                                                                                                                                                                                                                                                                                        
           80      11000                                                                                                                                                                                                                                                                                                                                                                                        
           90      17000                                                                                                                                                                                                                                                                                                                                                                                        
           90      17000                                                                                                                                                                                                                                                                                                                                                                                        
           90      24000                                                                                                                                                                                                                                                                                                                                                                                        
          110       8300                                                                                                                                                                                                                                                                                                                                                                                        
          110      12000                                                                                                                                                                                                                                                                                                                                                                                        
                    7000                                                                                                                                                                                                                                                                                                                                                                                        

20 rows selected.

SQL> SELECT DEPARTMENT_ID , MIN(SALARY) FROM EMPLOYEES GROUP BY DEPARTMENT_ID ORDER BY 1;

DEPARTMENT_ID MIN(SALARY)                                                                                                                                                                                                                                                                                                                                                                                       
------------- -----------                                                                                                                                                                                                                                                                                                                                                                                       
           10        4400                                                                                                                                                                                                                                                                                                                                                                                       
           20        6000                                                                                                                                                                                                                                                                                                                                                                                       
           50        2500                                                                                                                                                                                                                                                                                                                                                                                       
           60        4200                                                                                                                                                                                                                                                                                                                                                                                       
           80        8600                                                                                                                                                                                                                                                                                                                                                                                       
           90       17000                                                                                                                                                                                                                                                                                                                                                                                       
          110        8300                                                                                                                                                                                                                                                                                                                                                                                       
                     7000                                                                                                                                                                                                                                                                                                                                                                                       

8 rows selected.

SQL> REM MIN : IT WILL RETURN MINIMUM/LOWEST VALUE FROM THE LIST.
SQL> 
SQL> REM MAX : IT WILL RETURN MAXIMUM/HIGHEST VALUE FROM THE LIST.
SQL> 
SQL> REM COUNT : IT WILL RETURN COUNT/NUMBER OF ROWS IN THE LIST.
SQL> 
SQL> REM SUM : IT WILL RETURN SUM/TOTAL OF ROWS IN THE LIST.
SQL> 
SQL> REM AVG : IT WILL RETURN AVERAGE OF ROWS IN THE LIST.
SQL> 
SQL> 
SQL> 
SQL> SELECT SALARY FROM EMPLOYEES ORDER BY 1;

    SALARY                                                                                                                                                                                                                                                                                                                                                                                                      
----------                                                                                                                                                                                                                                                                                                                                                                                                      
      2500                                                                                                                                                                                                                                                                                                                                                                                                      
      2600                                                                                                                                                                                                                                                                                                                                                                                                      
      3100                                                                                                                                                                                                                                                                                                                                                                                                      
      3500                                                                                                                                                                                                                                                                                                                                                                                                      
      4200                                                                                                                                                                                                                                                                                                                                                                                                      
      4400                                                                                                                                                                                                                                                                                                                                                                                                      
      5800                                                                                                                                                                                                                                                                                                                                                                                                      
      6000                                                                                                                                                                                                                                                                                                                                                                                                      
      6000                                                                                                                                                                                                                                                                                                                                                                                                      
      7000                                                                                                                                                                                                                                                                                                                                                                                                      
      8300                                                                                                                                                                                                                                                                                                                                                                                                      
      8600                                                                                                                                                                                                                                                                                                                                                                                                      
      9000                                                                                                                                                                                                                                                                                                                                                                                                      
     10500                                                                                                                                                                                                                                                                                                                                                                                                      
     11000                                                                                                                                                                                                                                                                                                                                                                                                      
     12000                                                                                                                                                                                                                                                                                                                                                                                                      
     13000                                                                                                                                                                                                                                                                                                                                                                                                      
     17000                                                                                                                                                                                                                                                                                                                                                                                                      
     17000                                                                                                                                                                                                                                                                                                                                                                                                      
     24000                                                                                                                                                                                                                                                                                                                                                                                                      

20 rows selected.

SQL> REM NULL VALUES ARE IGNORED BY ALL SUMMARY FUNCTIONS EXCEPT : COUNT(*)
SQL> 
SQL> SELECT MIN(SALARY) , MAX(SALARY) , COUNT(SALARY) FROM EMPLOYEES;

MIN(SALARY) MAX(SALARY) COUNT(SALARY)                                                                                                                                                                                                                                                                                                                                                                           
----------- ----------- -------------                                                                                                                                                                                                                                                                                                                                                                           
       2500       24000            20                                                                                                                                                                                                                                                                                                                                                                           

SQL> SELECT COMMISSION_PCT FROM EMPLOYEES;

COMMISSION_PCT                                                                                                                                                                                                                                                                                                                                                                                                  
--------------                                                                                                                                                                                                                                                                                                                                                                                                  
                                                                                                                                                                                                                                                                                                                                                                                                                
                                                                                                                                                                                                                                                                                                                                                                                                                
                                                                                                                                                                                                                                                                                                                                                                                                                
                                                                                                                                                                                                                                                                                                                                                                                                                
                                                                                                                                                                                                                                                                                                                                                                                                                
                                                                                                                                                                                                                                                                                                                                                                                                                
                                                                                                                                                                                                                                                                                                                                                                                                                
                                                                                                                                                                                                                                                                                                                                                                                                                
                                                                                                                                                                                                                                                                                                                                                                                                                
                                                                                                                                                                                                                                                                                                                                                                                                                
                                                                                                                                                                                                                                                                                                                                                                                                                
            .2                                                                                                                                                                                                                                                                                                                                                                                                  
            .3                                                                                                                                                                                                                                                                                                                                                                                                  
            .3                                                                                                                                                                                                                                                                                                                                                                                                  
           .15                                                                                                                                                                                                                                                                                                                                                                                                  
                                                                                                                                                                                                                                                                                                                                                                                                                
                                                                                                                                                                                                                                                                                                                                                                                                                
                                                                                                                                                                                                                                                                                                                                                                                                                
                                                                                                                                                                                                                                                                                                                                                                                                                
                                                                                                                                                                                                                                                                                                                                                                                                                

20 rows selected.

SQL> SELECT MIN(COMMISSION_PCT) , MAX(COMMISSION_PCT) , COUNT(COMMISSION_PCT) FROM EMPLOYEES;

MIN(COMMISSION_PCT) MAX(COMMISSION_PCT) COUNT(COMMISSION_PCT)                                                                                                                                                                                                                                                                                                                                                   
------------------- ------------------- ---------------------                                                                                                                                                                                                                                                                                                                                                   
                .15                  .3                     4                                                                                                                                                                                                                                                                                                                                                   

SQL> REM EARLIEST DATE IS CONSIDERED AS LOWEST/MINIMUM DATE
SQL> 
SQL> REM LATEST DATE IS CONSIDERED AS HIGHEST/MAXIMUM DATE
SQL> 
SQL> 
SQL> SELECT HIRE_DATE FROM EMPLOYEES;

HIRE_DATE                                                                                                                                                                                                                                                                                                                                                                                                       
---------                                                                                                                                                                                                                                                                                                                                                                                                       
17-JUL-87                                                                                                                                                                                                                                                                                                                                                                                                       
21-SEP-89                                                                                                                                                                                                                                                                                                                                                                                                       
13-JAN-93                                                                                                                                                                                                                                                                                                                                                                                                       
03-JAN-90                                                                                                                                                                                                                                                                                                                                                                                                       
21-MAY-91                                                                                                                                                                                                                                                                                                                                                                                                       
07-FEB-99                                                                                                                                                                                                                                                                                                                                                                                                       
16-NOV-99                                                                                                                                                                                                                                                                                                                                                                                                       
17-OCT-95                                                                                                                                                                                                                                                                                                                                                                                                       
29-JAN-97                                                                                                                                                                                                                                                                                                                                                                                                       
15-MAR-98                                                                                                                                                                                                                                                                                                                                                                                                       
09-JUL-98                                                                                                                                                                                                                                                                                                                                                                                                       
29-JAN-00                                                                                                                                                                                                                                                                                                                                                                                                       
11-MAY-96                                                                                                                                                                                                                                                                                                                                                                                                       
24-MAR-98                                                                                                                                                                                                                                                                                                                                                                                                       
24-MAY-99                                                                                                                                                                                                                                                                                                                                                                                                       
17-SEP-87                                                                                                                                                                                                                                                                                                                                                                                                       
17-FEB-96                                                                                                                                                                                                                                                                                                                                                                                                       
17-AUG-97                                                                                                                                                                                                                                                                                                                                                                                                       
07-JUN-94                                                                                                                                                                                                                                                                                                                                                                                                       
07-JUN-94                                                                                                                                                                                                                                                                                                                                                                                                       

20 rows selected.

SQL> SELECT MIN(HIRE_DATE) , MAX(HIRE_DATE) , COUNT(HIRE_DATE) FROM EMPLOYEES;

MIN(HIRE_ MAX(HIRE_ COUNT(HIRE_DATE)                                                                                                                                                                                                                                                                                                                                                                            
--------- --------- ----------------                                                                                                                                                                                                                                                                                                                                                                            
17-JUL-87 29-JAN-00               20                                                                                                                                                                                                                                                                                                                                                                            

SQL> SELECT FIRST_NAME FROM EMPLOYEES;

FIRST_NAME                                                                                                                                                                                                                                                                                                                                                                                                      
---------------                                                                                                                                                                                                                                                                                                                                                                                                 
Steven                                                                                                                                                                                                                                                                                                                                                                                                          
Neena                                                                                                                                                                                                                                                                                                                                                                                                           
Lex                                                                                                                                                                                                                                                                                                                                                                                                             
Alexander                                                                                                                                                                                                                                                                                                                                                                                                       
Bruce                                                                                                                                                                                                                                                                                                                                                                                                           
Diana                                                                                                                                                                                                                                                                                                                                                                                                           
Kevin                                                                                                                                                                                                                                                                                                                                                                                                           
Trenna                                                                                                                                                                                                                                                                                                                                                                                                          
Curtis                                                                                                                                                                                                                                                                                                                                                                                                          
Randall                                                                                                                                                                                                                                                                                                                                                                                                         
Peter                                                                                                                                                                                                                                                                                                                                                                                                           
Eleni                                                                                                                                                                                                                                                                                                                                                                                                           
Ellen                                                                                                                                                                                                                                                                                                                                                                                                           
Jonathon                                                                                                                                                                                                                                                                                                                                                                                                        
Kimerely                                                                                                                                                                                                                                                                                                                                                                                                        
Jennifer                                                                                                                                                                                                                                                                                                                                                                                                        
Michael                                                                                                                                                                                                                                                                                                                                                                                                         
Pat                                                                                                                                                                                                                                                                                                                                                                                                             
Shelley                                                                                                                                                                                                                                                                                                                                                                                                         
William                                                                                                                                                                                                                                                                                                                                                                                                         

20 rows selected.

SQL> SELECT MIN(FIRST_NAME) , MAX(FIRST_NAME) , COUNT(FIRST_NAME) FROM EMPLOYEES;

MIN(FIRST_NAME) MAX(FIRST_NAME) COUNT(FIRST_NAME)                                                                                                                                                                                                                                                                                                                                                               
--------------- --------------- -----------------                                                                                                                                                                                                                                                                                                                                                               
Alexander       William                        20                                                                                                                                                                                                                                                                                                                                                               

SQL> SELECT FIRST_NAME FROM EMPLOYEES ORDER BY 1;

FIRST_NAME                                                                                                                                                                                                                                                                                                                                                                                                      
---------------                                                                                                                                                                                                                                                                                                                                                                                                 
Alexander                                                                                                                                                                                                                                                                                                                                                                                                       
Bruce                                                                                                                                                                                                                                                                                                                                                                                                           
Curtis                                                                                                                                                                                                                                                                                                                                                                                                          
Diana                                                                                                                                                                                                                                                                                                                                                                                                           
Eleni                                                                                                                                                                                                                                                                                                                                                                                                           
Ellen                                                                                                                                                                                                                                                                                                                                                                                                           
Jennifer                                                                                                                                                                                                                                                                                                                                                                                                        
Jonathon                                                                                                                                                                                                                                                                                                                                                                                                        
Kevin                                                                                                                                                                                                                                                                                                                                                                                                           
Kimerely                                                                                                                                                                                                                                                                                                                                                                                                        
Lex                                                                                                                                                                                                                                                                                                                                                                                                             
Michael                                                                                                                                                                                                                                                                                                                                                                                                         
Neena                                                                                                                                                                                                                                                                                                                                                                                                           
Pat                                                                                                                                                                                                                                                                                                                                                                                                             
Peter                                                                                                                                                                                                                                                                                                                                                                                                           
Randall                                                                                                                                                                                                                                                                                                                                                                                                         
Shelley                                                                                                                                                                                                                                                                                                                                                                                                         
Steven                                                                                                                                                                                                                                                                                                                                                                                                          
Trenna                                                                                                                                                                                                                                                                                                                                                                                                          
William                                                                                                                                                                                                                                                                                                                                                                                                         

20 rows selected.

SQL> SELECT JOB_ID FROM EMPLOYEES;

JOB_ID                                                                                                                                                                                                                                                                                                                                                                                                          
----------                                                                                                                                                                                                                                                                                                                                                                                                      
AD_PRES                                                                                                                                                                                                                                                                                                                                                                                                         
AD_VP                                                                                                                                                                                                                                                                                                                                                                                                           
AD_VP                                                                                                                                                                                                                                                                                                                                                                                                           
IT_PROG                                                                                                                                                                                                                                                                                                                                                                                                         
IT_PROG                                                                                                                                                                                                                                                                                                                                                                                                         
IT_PROG                                                                                                                                                                                                                                                                                                                                                                                                         
ST_MAN                                                                                                                                                                                                                                                                                                                                                                                                          
ST_CLERK                                                                                                                                                                                                                                                                                                                                                                                                        
ST_CLERK                                                                                                                                                                                                                                                                                                                                                                                                        
ST_CLERK                                                                                                                                                                                                                                                                                                                                                                                                        
ST_CLERK                                                                                                                                                                                                                                                                                                                                                                                                        
SA_MAN                                                                                                                                                                                                                                                                                                                                                                                                          
SA_REP                                                                                                                                                                                                                                                                                                                                                                                                          
SA_REP                                                                                                                                                                                                                                                                                                                                                                                                          
SA_REP                                                                                                                                                                                                                                                                                                                                                                                                          
AD_ASST                                                                                                                                                                                                                                                                                                                                                                                                         
MK_MAN                                                                                                                                                                                                                                                                                                                                                                                                          
MK_REP                                                                                                                                                                                                                                                                                                                                                                                                          
AC_MGR                                                                                                                                                                                                                                                                                                                                                                                                          
AC_ACCOUNT                                                                                                                                                                                                                                                                                                                                                                                                      

20 rows selected.

SQL> SELECT ALL JOB_ID FROM EMPLOYEES;

JOB_ID                                                                                                                                                                                                                                                                                                                                                                                                          
----------                                                                                                                                                                                                                                                                                                                                                                                                      
AD_PRES                                                                                                                                                                                                                                                                                                                                                                                                         
AD_VP                                                                                                                                                                                                                                                                                                                                                                                                           
AD_VP                                                                                                                                                                                                                                                                                                                                                                                                           
IT_PROG                                                                                                                                                                                                                                                                                                                                                                                                         
IT_PROG                                                                                                                                                                                                                                                                                                                                                                                                         
IT_PROG                                                                                                                                                                                                                                                                                                                                                                                                         
ST_MAN                                                                                                                                                                                                                                                                                                                                                                                                          
ST_CLERK                                                                                                                                                                                                                                                                                                                                                                                                        
ST_CLERK                                                                                                                                                                                                                                                                                                                                                                                                        
ST_CLERK                                                                                                                                                                                                                                                                                                                                                                                                        
ST_CLERK                                                                                                                                                                                                                                                                                                                                                                                                        
SA_MAN                                                                                                                                                                                                                                                                                                                                                                                                          
SA_REP                                                                                                                                                                                                                                                                                                                                                                                                          
SA_REP                                                                                                                                                                                                                                                                                                                                                                                                          
SA_REP                                                                                                                                                                                                                                                                                                                                                                                                          
AD_ASST                                                                                                                                                                                                                                                                                                                                                                                                         
MK_MAN                                                                                                                                                                                                                                                                                                                                                                                                          
MK_REP                                                                                                                                                                                                                                                                                                                                                                                                          
AC_MGR                                                                                                                                                                                                                                                                                                                                                                                                          
AC_ACCOUNT                                                                                                                                                                                                                                                                                                                                                                                                      

20 rows selected.

SQL> SELECT DISTINCT JOB_ID FROM EMPLOYEES;

JOB_ID                                                                                                                                                                                                                                                                                                                                                                                                          
----------                                                                                                                                                                                                                                                                                                                                                                                                      
IT_PROG                                                                                                                                                                                                                                                                                                                                                                                                         
AC_MGR                                                                                                                                                                                                                                                                                                                                                                                                          
AC_ACCOUNT                                                                                                                                                                                                                                                                                                                                                                                                      
ST_MAN                                                                                                                                                                                                                                                                                                                                                                                                          
AD_ASST                                                                                                                                                                                                                                                                                                                                                                                                         
AD_VP                                                                                                                                                                                                                                                                                                                                                                                                           
SA_MAN                                                                                                                                                                                                                                                                                                                                                                                                          
MK_MAN                                                                                                                                                                                                                                                                                                                                                                                                          
AD_PRES                                                                                                                                                                                                                                                                                                                                                                                                         
SA_REP                                                                                                                                                                                                                                                                                                                                                                                                          
MK_REP                                                                                                                                                                                                                                                                                                                                                                                                          
ST_CLERK                                                                                                                                                                                                                                                                                                                                                                                                        

12 rows selected.

SQL> SELECT UNIQUE JOB_ID FROM EMPLOYEES;

JOB_ID                                                                                                                                                                                                                                                                                                                                                                                                          
----------                                                                                                                                                                                                                                                                                                                                                                                                      
IT_PROG                                                                                                                                                                                                                                                                                                                                                                                                         
AC_MGR                                                                                                                                                                                                                                                                                                                                                                                                          
AC_ACCOUNT                                                                                                                                                                                                                                                                                                                                                                                                      
ST_MAN                                                                                                                                                                                                                                                                                                                                                                                                          
AD_ASST                                                                                                                                                                                                                                                                                                                                                                                                         
AD_VP                                                                                                                                                                                                                                                                                                                                                                                                           
SA_MAN                                                                                                                                                                                                                                                                                                                                                                                                          
MK_MAN                                                                                                                                                                                                                                                                                                                                                                                                          
AD_PRES                                                                                                                                                                                                                                                                                                                                                                                                         
SA_REP                                                                                                                                                                                                                                                                                                                                                                                                          
MK_REP                                                                                                                                                                                                                                                                                                                                                                                                          
ST_CLERK                                                                                                                                                                                                                                                                                                                                                                                                        

12 rows selected.

SQL> SELECT JOB_ID FROM EMPLOYEES;

JOB_ID                                                                                                                                                                                                                                                                                                                                                                                                          
----------                                                                                                                                                                                                                                                                                                                                                                                                      
AD_PRES                                                                                                                                                                                                                                                                                                                                                                                                         
AD_VP                                                                                                                                                                                                                                                                                                                                                                                                           
AD_VP                                                                                                                                                                                                                                                                                                                                                                                                           
IT_PROG                                                                                                                                                                                                                                                                                                                                                                                                         
IT_PROG                                                                                                                                                                                                                                                                                                                                                                                                         
IT_PROG                                                                                                                                                                                                                                                                                                                                                                                                         
ST_MAN                                                                                                                                                                                                                                                                                                                                                                                                          
ST_CLERK                                                                                                                                                                                                                                                                                                                                                                                                        
ST_CLERK                                                                                                                                                                                                                                                                                                                                                                                                        
ST_CLERK                                                                                                                                                                                                                                                                                                                                                                                                        
ST_CLERK                                                                                                                                                                                                                                                                                                                                                                                                        
SA_MAN                                                                                                                                                                                                                                                                                                                                                                                                          
SA_REP                                                                                                                                                                                                                                                                                                                                                                                                          
SA_REP                                                                                                                                                                                                                                                                                                                                                                                                          
SA_REP                                                                                                                                                                                                                                                                                                                                                                                                          
AD_ASST                                                                                                                                                                                                                                                                                                                                                                                                         
MK_MAN                                                                                                                                                                                                                                                                                                                                                                                                          
MK_REP                                                                                                                                                                                                                                                                                                                                                                                                          
AC_MGR                                                                                                                                                                                                                                                                                                                                                                                                          
AC_ACCOUNT                                                                                                                                                                                                                                                                                                                                                                                                      

20 rows selected.

SQL> SELECT COUNT(JOB_ID) , COUNT(DISTINCT JOB_ID) FROM EMPLOYEES;

COUNT(JOB_ID) COUNT(DISTINCTJOB_ID)                                                                                                                                                                                                                                                                                                                                                                             
------------- ---------------------                                                                                                                                                                                                                                                                                                                                                                             
           20                    12                                                                                                                                                                                                                                                                                                                                                                             

SQL> SELECT MANAGER_ID FROM EMPLOYEES;

MANAGER_ID                                                                                                                                                                                                                                                                                                                                                                                                      
----------                                                                                                                                                                                                                                                                                                                                                                                                      
                                                                                                                                                                                                                                                                                                                                                                                                                
       100                                                                                                                                                                                                                                                                                                                                                                                                      
       100                                                                                                                                                                                                                                                                                                                                                                                                      
       102                                                                                                                                                                                                                                                                                                                                                                                                      
       103                                                                                                                                                                                                                                                                                                                                                                                                      
       103                                                                                                                                                                                                                                                                                                                                                                                                      
       100                                                                                                                                                                                                                                                                                                                                                                                                      
       124                                                                                                                                                                                                                                                                                                                                                                                                      
       124                                                                                                                                                                                                                                                                                                                                                                                                      
       124                                                                                                                                                                                                                                                                                                                                                                                                      
       124                                                                                                                                                                                                                                                                                                                                                                                                      
       100                                                                                                                                                                                                                                                                                                                                                                                                      
       149                                                                                                                                                                                                                                                                                                                                                                                                      
       149                                                                                                                                                                                                                                                                                                                                                                                                      
       149                                                                                                                                                                                                                                                                                                                                                                                                      
       101                                                                                                                                                                                                                                                                                                                                                                                                      
       100                                                                                                                                                                                                                                                                                                                                                                                                      
       201                                                                                                                                                                                                                                                                                                                                                                                                      
       101                                                                                                                                                                                                                                                                                                                                                                                                      
       205                                                                                                                                                                                                                                                                                                                                                                                                      

20 rows selected.

SQL> SELECT COUNT(MANAGER_ID) , COUNT(UNIQUE MANAGER_ID) , COUNT(*) FROM EMPLOYEES;

COUNT(MANAGER_ID) COUNT(UNIQUEMANAGER_ID)   COUNT(*)                                                                                                                                                                                                                                                                                                                                                            
----------------- ----------------------- ----------                                                                                                                                                                                                                                                                                                                                                            
               19                       8         20                                                                                                                                                                                                                                                                                                                                                            

SQL> SELECT * FROM EMPLOYEES;

EMPLOYEE_ID FIRST_NAME      LAST_NAME       EMAIL      PHONE_NUMBER         HIRE_DATE JOB_ID         SALARY COMMISSION_PCT MANAGER_ID DEPARTMENT_ID                                                                                                                                                                                                                                                             
----------- --------------- --------------- ---------- -------------------- --------- ---------- ---------- -------------- ---------- -------------                                                                                                                                                                                                                                                             
        100 Steven          King            SKING      515.123.4567         17-JUL-87 AD_PRES         24000                                      90                                                                                                                                                                                                                                                             
        101 Neena           Kochhar         NKOCHHAR   515.123.4568         21-SEP-89 AD_VP           17000                       100            90                                                                                                                                                                                                                                                             
        102 Lex             De Haan         LDEHAAN    515.123.4569         13-JAN-93 AD_VP           17000                       100            90                                                                                                                                                                                                                                                             
        103 Alexander       Hunold          AHUNOLD    590.423.4567         03-JAN-90 IT_PROG          9000                       102            60                                                                                                                                                                                                                                                             
        104 Bruce           Ernst           BERNST     590.423.4568         21-MAY-91 IT_PROG          6000                       103            60                                                                                                                                                                                                                                                             
        107 Diana           Lorentz         DLORENTZ   590.423.5567         07-FEB-99 IT_PROG          4200                       103            60                                                                                                                                                                                                                                                             
        124 Kevin           Mourgos         KMOURGOS   650.123.5234         16-NOV-99 ST_MAN           5800                       100            50                                                                                                                                                                                                                                                             
        141 Trenna          Rajs            TRAJS      650.121.8009         17-OCT-95 ST_CLERK         3500                       124            50                                                                                                                                                                                                                                                             
        142 Curtis          Davies          CDAVIES    650.121.2994         29-JAN-97 ST_CLERK         3100                       124            50                                                                                                                                                                                                                                                             
        143 Randall         Matos           RMATOS     650.121.2874         15-MAR-98 ST_CLERK         2600                       124            50                                                                                                                                                                                                                                                             
        144 Peter           Vargas                     650.121.2004         09-JUL-98 ST_CLERK         2500                       124            50                                                                                                                                                                                                                                                             
        149 Eleni           Zlotkey         EZLOTKEY   011.44.1344.429018   29-JAN-00 SA_MAN          10500             .2        100            80                                                                                                                                                                                                                                                             
        174 Ellen           Abel            EABEL      011.44.1644.429267   11-MAY-96 SA_REP          11000             .3        149            80                                                                                                                                                                                                                                                             
        176 Jonathon        Taylor          JTAYLOR    011.44.1644.429265   24-MAR-98 SA_REP           8600             .3        149            80                                                                                                                                                                                                                                                             
        178 Kimerely        Grant           KGRANT     011.44.1644.429263   24-MAY-99 SA_REP           7000            .15        149                                                                                                                                                                                                                                                                           
        200 Jennifer        Whalen          JWHALEN    515.123.4444         17-SEP-87 AD_ASST          4400                       101            10                                                                                                                                                                                                                                                             
        201 Michael         Hartstein       MHARTSTE   515.123.5555         17-FEB-96 MK_MAN          13000                       100            20                                                                                                                                                                                                                                                             
        202 Pat             Fay             PFAY       603.123.6666         17-AUG-97 MK_REP           6000                       201            20                                                                                                                                                                                                                                                             
        205 Shelley         Higgins         SHIGGINS   515.123.8080         07-JUN-94 AC_MGR          12000                       101           110                                                                                                                                                                                                                                                             
        206 William         Gietz           WGIETZ     515.123.8181         07-JUN-94 AC_ACCOUNT       8300                       205           110                                                                                                                                                                                                                                                             

20 rows selected.

SQL> REM COUNT THOSE WHO DO NOT GET COMMISSION.
SQL> 
SQL> SELECT COUNT(*) - COUNT(COMMISSION_PCT) FROM DUAL;
SELECT COUNT(*) - COUNT(COMMISSION_PCT) FROM DUAL
                        *
ERROR at line 1:
ORA-00904: "COMMISSION_PCT": invalid identifier 


SQL> SELECT COUNT(*) - COUNT(COMMISSION_PCT) FROM EMPLOYEES;

COUNT(*)-COUNT(COMMISSION_PCT)                                                                                                                                                                                                                                                                                                                                                                                  
------------------------------                                                                                                                                                                                                                                                                                                                                                                                  
                            16                                                                                                                                                                                                                                                                                                                                                                                  

SQL> SELECT COUNT(*) FROM EMPLOYEES WHERE COMMISSION_PCT IS NULL;

  COUNT(*)                                                                                                                                                                                                                                                                                                                                                                                                      
----------                                                                                                                                                                                                                                                                                                                                                                                                      
        16                                                                                                                                                                                                                                                                                                                                                                                                      

SQL> SELECT SALARY FROM EMPLOYEES;

    SALARY                                                                                                                                                                                                                                                                                                                                                                                                      
----------                                                                                                                                                                                                                                                                                                                                                                                                      
     24000                                                                                                                                                                                                                                                                                                                                                                                                      
     17000                                                                                                                                                                                                                                                                                                                                                                                                      
     17000                                                                                                                                                                                                                                                                                                                                                                                                      
      9000                                                                                                                                                                                                                                                                                                                                                                                                      
      6000                                                                                                                                                                                                                                                                                                                                                                                                      
      4200                                                                                                                                                                                                                                                                                                                                                                                                      
      5800                                                                                                                                                                                                                                                                                                                                                                                                      
      3500                                                                                                                                                                                                                                                                                                                                                                                                      
      3100                                                                                                                                                                                                                                                                                                                                                                                                      
      2600                                                                                                                                                                                                                                                                                                                                                                                                      
      2500                                                                                                                                                                                                                                                                                                                                                                                                      
     10500                                                                                                                                                                                                                                                                                                                                                                                                      
     11000                                                                                                                                                                                                                                                                                                                                                                                                      
      8600                                                                                                                                                                                                                                                                                                                                                                                                      
      7000                                                                                                                                                                                                                                                                                                                                                                                                      
      4400                                                                                                                                                                                                                                                                                                                                                                                                      
     13000                                                                                                                                                                                                                                                                                                                                                                                                      
      6000                                                                                                                                                                                                                                                                                                                                                                                                      
     12000                                                                                                                                                                                                                                                                                                                                                                                                      
      8300                                                                                                                                                                                                                                                                                                                                                                                                      

20 rows selected.

SQL> SELECT SUM(SALARY) - SUM(DISTINCT SALARY) FROM EMPLOYEES;

SUM(SALARY)-SUM(DISTINCTSALARY)                                                                                                                                                                                                                                                                                                                                                                                 
-------------------------------                                                                                                                                                                                                                                                                                                                                                                                 
                          23000                                                                                                                                                                                                                                                                                                                                                                                 

SQL> SELECT * FROM EMPLOYEES;

EMPLOYEE_ID FIRST_NAME      LAST_NAME       EMAIL      PHONE_NUMBER         HIRE_DATE JOB_ID         SALARY COMMISSION_PCT MANAGER_ID DEPARTMENT_ID                                                                                                                                                                                                                                                             
----------- --------------- --------------- ---------- -------------------- --------- ---------- ---------- -------------- ---------- -------------                                                                                                                                                                                                                                                             
        100 Steven          King            SKING      515.123.4567         17-JUL-87 AD_PRES         24000                                      90                                                                                                                                                                                                                                                             
        101 Neena           Kochhar         NKOCHHAR   515.123.4568         21-SEP-89 AD_VP           17000                       100            90                                                                                                                                                                                                                                                             
        102 Lex             De Haan         LDEHAAN    515.123.4569         13-JAN-93 AD_VP           17000                       100            90                                                                                                                                                                                                                                                             
        103 Alexander       Hunold          AHUNOLD    590.423.4567         03-JAN-90 IT_PROG          9000                       102            60                                                                                                                                                                                                                                                             
        104 Bruce           Ernst           BERNST     590.423.4568         21-MAY-91 IT_PROG          6000                       103            60                                                                                                                                                                                                                                                             
        107 Diana           Lorentz         DLORENTZ   590.423.5567         07-FEB-99 IT_PROG          4200                       103            60                                                                                                                                                                                                                                                             
        124 Kevin           Mourgos         KMOURGOS   650.123.5234         16-NOV-99 ST_MAN           5800                       100            50                                                                                                                                                                                                                                                             
        141 Trenna          Rajs            TRAJS      650.121.8009         17-OCT-95 ST_CLERK         3500                       124            50                                                                                                                                                                                                                                                             
        142 Curtis          Davies          CDAVIES    650.121.2994         29-JAN-97 ST_CLERK         3100                       124            50                                                                                                                                                                                                                                                             
        143 Randall         Matos           RMATOS     650.121.2874         15-MAR-98 ST_CLERK         2600                       124            50                                                                                                                                                                                                                                                             
        144 Peter           Vargas                     650.121.2004         09-JUL-98 ST_CLERK         2500                       124            50                                                                                                                                                                                                                                                             
        149 Eleni           Zlotkey         EZLOTKEY   011.44.1344.429018   29-JAN-00 SA_MAN          10500             .2        100            80                                                                                                                                                                                                                                                             
        174 Ellen           Abel            EABEL      011.44.1644.429267   11-MAY-96 SA_REP          11000             .3        149            80                                                                                                                                                                                                                                                             
        176 Jonathon        Taylor          JTAYLOR    011.44.1644.429265   24-MAR-98 SA_REP           8600             .3        149            80                                                                                                                                                                                                                                                             
        178 Kimerely        Grant           KGRANT     011.44.1644.429263   24-MAY-99 SA_REP           7000            .15        149                                                                                                                                                                                                                                                                           
        200 Jennifer        Whalen          JWHALEN    515.123.4444         17-SEP-87 AD_ASST          4400                       101            10                                                                                                                                                                                                                                                             
        201 Michael         Hartstein       MHARTSTE   515.123.5555         17-FEB-96 MK_MAN          13000                       100            20                                                                                                                                                                                                                                                             
        202 Pat             Fay             PFAY       603.123.6666         17-AUG-97 MK_REP           6000                       201            20                                                                                                                                                                                                                                                             
        205 Shelley         Higgins         SHIGGINS   515.123.8080         07-JUN-94 AC_MGR          12000                       101           110                                                                                                                                                                                                                                                             
        206 William         Gietz           WGIETZ     515.123.8181         07-JUN-94 AC_ACCOUNT       8300                       205           110                                                                                                                                                                                                                                                             

20 rows selected.

SQL> REM 1 DISPLAY TOTAL SALARY PAID BY COMPANY.
SQL> 
SQL> REM 2 DISPLAY HIRE_DATE ON WHICH COMPANY HIRED FIRST EMPLOYEE.
SQL> 
SQL> REM 3 DISPLAY LOWEST COMMISSION_PCT PAID BY COMPANY.
SQL> 
SQL> REM 4 DISPLAY HIGHEST COMMISSION   A M O U N T  PAID BY COMPANY.
SQL> 
SQL> REM 5 DISPLAY FIRST_NAME OF A PERSON WHO HOLDS HIGHEST POSITION IN COMPANY.
SQL> 
SQL> 
SQL> 
SQL> 
SQL> REM 1 DISPLAY TOTAL SALARY PAID BY COMPANY.
SQL> 
SQL> SELECT SUM(SALARY) FROM EMPLOYEES;

SUM(SALARY)                                                                                                                                                                                                                                                                                                                                                                                                     
-----------                                                                                                                                                                                                                                                                                                                                                                                                     
     175500                                                                                                                                                                                                                                                                                                                                                                                                     

SQL> REM 2 DISPLAY HIRE_DATE ON WHICH COMPANY HIRED FIRST EMPLOYEE.
SQL> 
SQL> SELECT MIN(HIRE_DATE) FROM EMPLOYEES;

MIN(HIRE_                                                                                                                                                                                                                                                                                                                                                                                                       
---------                                                                                                                                                                                                                                                                                                                                                                                                       
17-JUL-87                                                                                                                                                                                                                                                                                                                                                                                                       

SQL> REM 3 DISPLAY LOWEST COMMISSION_PCT PAID BY COMPANY.
SQL> 
SQL> SELECT MIN(COMMISSION_PCT) FROM EMPLOYEES;

MIN(COMMISSION_PCT)                                                                                                                                                                                                                                                                                                                                                                                             
-------------------                                                                                                                                                                                                                                                                                                                                                                                             
                .15                                                                                                                                                                                                                                                                                                                                                                                             

SQL> REM 4 DISPLAY HIGHEST COMMISSION   A M O U N T  PAID BY COMPANY.
SQL> 
SQL> SELECT MAX(SALARY*COMMISSION_PCT) FROM EMPLOYEES;

MAX(SALARY*COMMISSION_PCT)                                                                                                                                                                                                                                                                                                                                                                                      
--------------------------                                                                                                                                                                                                                                                                                                                                                                                      
                      3300                                                                                                                                                                                                                                                                                                                                                                                      

SQL> REM 5 DISPLAY FIRST_NAME OF A PERSON WHO HOLDS HIGHEST POSITION IN COMPANY.
SQL> 
SQL> SELECT FIRST_NAME FROM EMPLOYEES WHERE MANAGER_ID IS NULL;

FIRST_NAME                                                                                                                                                                                                                                                                                                                                                                                                      
---------------                                                                                                                                                                                                                                                                                                                                                                                                 
Steven                                                                                                                                                                                                                                                                                                                                                                                                          

SQL> REM 1 DISPLAY AVERAGE SALARY PAID BY COMPANY
SQL> 
SQL> REM 2 DISPLAY AVERAGE SALARY PAID TO IT_PROG BY COMPANY
SQL> 
SQL> 
SQL> 
SQL> REM 1 DISPLAY AVERAGE SALARY PAID BY COMPANY
SQL> 
SQL> SELECT AVG(SALARY) FROM EMPLOYEES;

AVG(SALARY)                                                                                                                                                                                                                                                                                                                                                                                                     
-----------                                                                                                                                                                                                                                                                                                                                                                                                     
       8775                                                                                                                                                                                                                                                                                                                                                                                                     

SQL> REM 2 DISPLAY AVERAGE SALARY PAID TO IT_PROG BY COMPANY
SQL> 
SQL> SELECT AVG(SALARY) FROM EMPLOYEES WHERE JOB_ID = 'IT_PROG';

AVG(SALARY)                                                                                                                                                                                                                                                                                                                                                                                                     
-----------                                                                                                                                                                                                                                                                                                                                                                                                     
       6400                                                                                                                                                                                                                                                                                                                                                                                                     

SQL> REM SUM AND AVG FUNCTIONS DO NOT SUPPORT NON-NUMERIC INPUTS.
SQL> 
SQL> SELECT SUM(HIRE_DATE) FROM EMPLOYEES;
SELECT SUM(HIRE_DATE) FROM EMPLOYEES
           *
ERROR at line 1:
ORA-00932: inconsistent datatypes: expected NUMBER got DATE 


SQL> SELECT SUM(FIRST_NAME) FROM EMPLOYEES;
SELECT SUM(FIRST_NAME) FROM EMPLOYEES
           *
ERROR at line 1:
ORA-01722: invalid number 


SQL> SELECT SUM(SALARY)/COUNT(SALARY) , AVG(SALARY) FROM EMPLOYEES;

SUM(SALARY)/COUNT(SALARY) AVG(SALARY)                                                                                                                                                                                                                                                                                                                                                                           
------------------------- -----------                                                                                                                                                                                                                                                                                                                                                                           
                     8775        8775                                                                                                                                                                                                                                                                                                                                                                           

SQL> SELECT * FROM EMPLOYEES;

EMPLOYEE_ID FIRST_NAME      LAST_NAME       EMAIL      PHONE_NUMBER         HIRE_DATE JOB_ID         SALARY COMMISSION_PCT MANAGER_ID DEPARTMENT_ID                                                                                                                                                                                                                                                             
----------- --------------- --------------- ---------- -------------------- --------- ---------- ---------- -------------- ---------- -------------                                                                                                                                                                                                                                                             
        100 Steven          King            SKING      515.123.4567         17-JUL-87 AD_PRES         24000                                      90                                                                                                                                                                                                                                                             
        101 Neena           Kochhar         NKOCHHAR   515.123.4568         21-SEP-89 AD_VP           17000                       100            90                                                                                                                                                                                                                                                             
        102 Lex             De Haan         LDEHAAN    515.123.4569         13-JAN-93 AD_VP           17000                       100            90                                                                                                                                                                                                                                                             
        103 Alexander       Hunold          AHUNOLD    590.423.4567         03-JAN-90 IT_PROG          9000                       102            60                                                                                                                                                                                                                                                             
        104 Bruce           Ernst           BERNST     590.423.4568         21-MAY-91 IT_PROG          6000                       103            60                                                                                                                                                                                                                                                             
        107 Diana           Lorentz         DLORENTZ   590.423.5567         07-FEB-99 IT_PROG          4200                       103            60                                                                                                                                                                                                                                                             
        124 Kevin           Mourgos         KMOURGOS   650.123.5234         16-NOV-99 ST_MAN           5800                       100            50                                                                                                                                                                                                                                                             
        141 Trenna          Rajs            TRAJS      650.121.8009         17-OCT-95 ST_CLERK         3500                       124            50                                                                                                                                                                                                                                                             
        142 Curtis          Davies          CDAVIES    650.121.2994         29-JAN-97 ST_CLERK         3100                       124            50                                                                                                                                                                                                                                                             
        143 Randall         Matos           RMATOS     650.121.2874         15-MAR-98 ST_CLERK         2600                       124            50                                                                                                                                                                                                                                                             
        144 Peter           Vargas                     650.121.2004         09-JUL-98 ST_CLERK         2500                       124            50                                                                                                                                                                                                                                                             
        149 Eleni           Zlotkey         EZLOTKEY   011.44.1344.429018   29-JAN-00 SA_MAN          10500             .2        100            80                                                                                                                                                                                                                                                             
        174 Ellen           Abel            EABEL      011.44.1644.429267   11-MAY-96 SA_REP          11000             .3        149            80                                                                                                                                                                                                                                                             
        176 Jonathon        Taylor          JTAYLOR    011.44.1644.429265   24-MAR-98 SA_REP           8600             .3        149            80                                                                                                                                                                                                                                                             
        178 Kimerely        Grant           KGRANT     011.44.1644.429263   24-MAY-99 SA_REP           7000            .15        149                                                                                                                                                                                                                                                                           
        200 Jennifer        Whalen          JWHALEN    515.123.4444         17-SEP-87 AD_ASST          4400                       101            10                                                                                                                                                                                                                                                             
        201 Michael         Hartstein       MHARTSTE   515.123.5555         17-FEB-96 MK_MAN          13000                       100            20                                                                                                                                                                                                                                                             
        202 Pat             Fay             PFAY       603.123.6666         17-AUG-97 MK_REP           6000                       201            20                                                                                                                                                                                                                                                             
        205 Shelley         Higgins         SHIGGINS   515.123.8080         07-JUN-94 AC_MGR          12000                       101           110                                                                                                                                                                                                                                                             
        206 William         Gietz           WGIETZ     515.123.8181         07-JUN-94 AC_ACCOUNT       8300                       205           110                                                                                                                                                                                                                                                             

20 rows selected.

SQL> REM 1 DISPLAY TOTAL SALARY PAID TO THOSE WHO WORKS IN DEPARTMENT 20 OR 110.
SQL> 
SQL> REM 2 DISPLAY AVERAGE SALARY PAID TO THOSE WHO WERE HIRED IN 3rd QUARTER OF ANY YEAR.
SQL> 
SQL> REM 3 DISPLAY COUNT OF EMPLOYEES WHO WERE HIRED IN SECOND WEEK OF ANY MONTH.
SQL> 
SQL> REM 4 DISPLAY AVERAGE SALARY WHO REPORTS TO 100 124 OR 149.
SQL> 
SQL> REM 5 DISPLAY LOWEST SALARY PAID TO THOSE WHOSE FIRST_NAME SPELLING IS UPTO 6 CHARACTERS.
SQL> 
SQL> 
SQL> REM 1 DISPLAY TOTAL SALARY PAID TO THOSE WHO WORKS IN DEPARTMENT 20 OR 110.
SQL> 
SQL> SELECT SUM(SALARY) FROM EMPLOYEES WHERE DEPARTMENT_ID IN (20,110);

SUM(SALARY)                                                                                                                                                                                                                                                                                                                                                                                                     
-----------                                                                                                                                                                                                                                                                                                                                                                                                     
      39300                                                                                                                                                                                                                                                                                                                                                                                                     

SQL> SELECT SUM(SALARY) FROM EMPLOYEES WHERE DEPARTMENT_ID = ANY (20,110);

SUM(SALARY)                                                                                                                                                                                                                                                                                                                                                                                                     
-----------                                                                                                                                                                                                                                                                                                                                                                                                     
      39300                                                                                                                                                                                                                                                                                                                                                                                                     

SQL> SELECT SUM(SALARY) FROM EMPLOYEES WHERE DEPARTMENT_ID = SOME (20,110);

SUM(SALARY)                                                                                                                                                                                                                                                                                                                                                                                                     
-----------                                                                                                                                                                                                                                                                                                                                                                                                     
      39300                                                                                                                                                                                                                                                                                                                                                                                                     

SQL> SELECT SUM(SALARY) FROM EMPLOYEES WHERE DEPARTMENT_ID = 20 OR DEPARTMENT_ID = 110;

SUM(SALARY)                                                                                                                                                                                                                                                                                                                                                                                                     
-----------                                                                                                                                                                                                                                                                                                                                                                                                     
      39300                                                                                                                                                                                                                                                                                                                                                                                                     

SQL> REM 2 DISPLAY AVERAGE SALARY PAID TO THOSE WHO WERE HIRED IN 3rd QUARTER OF ANY YEAR.
SQL> 
SQL> SELECT AVG(SALARY) FROM EMPLOYEES WHERE TO_CHAR(HIRE_DATE,'Q') = 3;

AVG(SALARY)                                                                                                                                                                                                                                                                                                                                                                                                     
-----------                                                                                                                                                                                                                                                                                                                                                                                                     
      10780                                                                                                                                                                                                                                                                                                                                                                                                     

SQL> REM 3 DISPLAY COUNT OF EMPLOYEES WHO WERE HIRED IN SECOND WEEK OF ANY MONTH.
SQL> 
SQL> SELECT COUNT(*) FROM EMPLOYEES WHERE TO_CHAR(HIRE_DATE,'W') = 2;

  COUNT(*)                                                                                                                                                                                                                                                                                                                                                                                                      
----------                                                                                                                                                                                                                                                                                                                                                                                                      
         3                                                                                                                                                                                                                                                                                                                                                                                                      

SQL> REM 4 DISPLAY AVERAGE SALARY WHO REPORTS TO 100 124 OR 149.
SQL> 
SQL> SELECT AVG(SALARY) FROM EMPLOYEES WHERE MANAGER_ID IN (100,124,149);

AVG(SALARY)                                                                                                                                                                                                                                                                                                                                                                                                     
-----------                                                                                                                                                                                                                                                                                                                                                                                                     
 8466.66667                                                                                                                                                                                                                                                                                                                                                                                                     

SQL> REM 5 DISPLAY LOWEST SALARY PAID TO THOSE WHOSE FIRST_NAME SPELLING IS UPTO 6 CHARACTERS.
SQL> 
SQL> SELECT MIN(SALARY) FROM EMPLOYEES WHERE FIRST_NAME NOT LIKE '_______%';

MIN(SALARY)                                                                                                                                                                                                                                                                                                                                                                                                     
-----------                                                                                                                                                                                                                                                                                                                                                                                                     
       2500                                                                                                                                                                                                                                                                                                                                                                                                     

SQL> SELECT MIN(SALARY) FROM EMPLOYEES WHERE LENGTH(FIRST_NAME) <= 6;

MIN(SALARY)                                                                                                                                                                                                                                                                                                                                                                                                     
-----------                                                                                                                                                                                                                                                                                                                                                                                                     
       2500                                                                                                                                                                                                                                                                                                                                                                                                     

SQL> SPOOL OFF
